Date,Tweet ID,Tweet Text,Full Name,Screen Name,Favorite_count,Retweets,Followers,Follows,Verified,User Since,Location,Bio,Preproccessed Tweet Text,Subjectivity,Polarity,Label
2021-04-07 15:46:43,1379822955979403265,"RT @latokens: Get a share of 1.5 million WHX cryptocurrency tokens. ğŸ’°
Join the @WHITEX63000231 Airdrop on LATOKEN, complete quick and easyâ€¦",Ahmat aji,@PengusahaI,0,449,39,316,False,2019-01-08 09:32:00,"Central Java, Indonesia","like & subscribe my channels youtube

https://t.co/Fgc5gcQmLu","Get a share of 1.5 million WHX cryptocurrency tokens. ğŸ’°
Join the  Airdrop on LATOKEN, complete quick and easyâ€¦",0.45,0.21666666666666667,Positive
2021-04-07 15:46:43,1379822955182493696,"RT @latokens: Get a share of 1.5 million WHX cryptocurrency tokens. ğŸ’°
Join the @WHITEX63000231 Airdrop on LATOKEN, complete quick and easyâ€¦",Deenmohammad,@Deenmoh69903992,0,449,6,160,False,2021-01-24 17:00:59,"Dhaka, Bangladesh",,"Get a share of 1.5 million WHX cryptocurrency tokens. ğŸ’°
Join the  Airdrop on LATOKEN, complete quick and easyâ€¦",0.45,0.21666666666666667,Positive
2021-04-07 15:46:42,1379822953769037826,"RT @bitxmicrypto: Great News from tomorrow 5th April Bitxmi Earn while trade Promo will start!!

All traders can earn 0.05% in Bxmi on allâ€¦",itaabio,@itabiofushi,0,1662,266,461,False,2020-08-16 08:42:51,oikage . eruri . sukufushi ,bulol tobio levi 1000000000000000000000000000%,"Great News from tomorrow 5th April Bitxmi Earn while trade Promo will start!!

All traders can earn 0.05% in Bxmi on allâ€¦",0.75,1.0,Highly Positive
2021-04-07 15:46:42,1379822952653459456,"RT @BTC_Archive: #BitcoinÂ supply is getting tighter every day - even at record prices!

This is unprecedented in a bull market. 

Few underâ€¦",2021,@EddishEdwin,0,157,356,262,False,2017-08-09 11:39:58,globe,"#Bitcoin &  lightning network enthusiast since early 2017. Twitter lurker. Tweets about adoption, advanced charts, on-chain data, insights and market analysis.","BitcoinÂ supply is getting tighter every day - even at record prices!

This is unprecedented in a bull market. 

Few underâ€¦",0.5,0.19999999999999998,Positive
2021-04-07 15:46:42,1379822952556990473,RT @LongTermBaggers: In a Nutshellâ„¢ $SOS has began it's New Focus on Mining of Key MainstreamÂ Cryptocurrencies. Followed by a Variety of Clâ€¦,Joe Gambiste,@Gambiste1,0,10,10818,0,False,2019-06-05 20:33:56,,"Check out the best tweets on Stocks. Beware, I am the greatest stocks retweeter. Find hot stocks with @GambisteFinance.",In a Nutshellâ„¢ $SOS has began it's New Focus on Mining of Key MainstreamÂ Cryptocurrencies. Followed by a Variety of Clâ€¦,0.7272727272727273,0.06818181818181818,Positive
2021-04-07 15:46:42,1379822952150040576,"RT @BitzippOfficial: #Bitzipp 

#PreSale with 10% bonus is in progress 

1 BZP = 0.10 USD 

 Register on https://t.co/TIln1NzROf and buy #Bâ€¦",Quach van sao,@Quachvansao,0,5806,5,224,False,2021-03-01 11:21:00,,ok,"Bitzipp 

PreSale with 10% bonus is in progress 

1 BZP = 0.10 USD 

 Register on  and buy Bâ€¦",0.0,0.0,Neutral
2021-04-07 15:46:41,1379822947502751751,"RT @latokens: Get a share of 1.5 million WHX cryptocurrency tokens. ğŸ’°
Join the @WHITEX63000231 Airdrop on LATOKEN, complete quick and easyâ€¦",Shishir Ghosh #BRG âœª,@shishir_ghosh1,0,449,26,314,False,2018-12-05 14:27:09,"Dhaka, Bangladesh",#BRGArmy,"Get a share of 1.5 million WHX cryptocurrency tokens. ğŸ’°
Join the  Airdrop on LATOKEN, complete quick and easyâ€¦",0.45,0.21666666666666667,Positive
2021-04-07 15:46:40,1379822946458333185,"RT @Raditya63500081: @BitzippOfficial This is a project that will be very useful in the future.
because it is supported by a professional tâ€¦",Marof Hossen,@HossenMarof,0,1,2,36,False,2021-04-02 08:48:05,,," This is a project that will be very useful in the future.
because it is supported by a professional tâ€¦",0.075,0.16333333333333333,Positive
2021-04-07 15:46:40,1379822946244423687,"RT @CryptoTheBeast_: Dear Community â¤ï¸
@reflectdao update information ğŸ¤³
I think with 850k inital marketcap . 
Big announcement's  coming ğŸš€â€¦",mooningâ·,@chewielucks,0,90,277,1258,False,2020-09-02 03:10:21, pickaw picknava pickme juseyo,ğ˜‘ğ˜¶ğ˜´ğ˜µ ğ˜¨ğ˜° ğ˜ªğ˜¯ğ˜´ğ˜µğ˜¦ğ˜¢ğ˜¥ ğ˜°ğ˜§ ğ˜¸ğ˜°ğ˜³ğ˜³ğ˜ºğ˜ªğ˜¯ğ˜¨ âœ¨  6ï¸âƒ£5ï¸âƒ£ğŸ¹ #flurwin #GenSquad #LegitFam #ILYAngeLQueeN #silentsquad #PriTeam,"Dear Community â¤ï¸
 update information ğŸ¤³
I think with 850k inital marketcap . 
Big announcement's  coming ğŸš€â€¦",0.1,0.0,Neutral
2021-04-07 15:46:40,1379822945388781568,"RT @flurtft: ğŸ¸$100 to someone who retweets this and follows 
@frogefinance1 + @financefroge in 24 hours ğŸ¸

$FROGE is the worlds first eco-tâ€¦",Michelle,@meteor01,0,1173,570,5001,False,2009-03-11 03:05:32,,"REAL account my primary account was suspended..Do not follow to unfollow. #flurwin #GenSquad
https://t.co/OZJOkOhupl      https://t.co/0bO0EHebfn","ğŸ¸$100 to someone who retweets this and follows 
 +  in 24 hours ğŸ¸

$FROGE is the worlds first eco-tâ€¦",0.3333333333333333,0.25,Positive
2021-04-07 15:46:39,1379822942247247873,"RT @FrYzZ_: Register on those two crypto faucets to get: 
1: 1000 Satoshi ! https://t.co/hIG9nw6VKv 
2: $30 in Dogecoin ! https://t.co/ATOiâ€¦",nani â‰ï¸ $100 come to me,@tsucchiexx,0,496,423,2439,False,2020-05-21 15:36:46,ğŸ’™ğŸ’œğŸ’,22 â€¢ 6ï¸âƒ£5ï¸âƒ£ğŸ¹ #NatGang #silentsquad #cryptoaddictfam #JustineWinners #LegitCutieBabeGem,"Register on those two crypto faucets to get: 
1: 1000 Satoshi !  
2: $30 in Dogecoin ! â€¦",0.0,0.0,Neutral
2021-04-07 15:46:39,1379822941798551554,"Forex Trading Unlocked Your Key To Online Trading - $Forex, $Bitcoin https://t.co/CBynk1NZOj",Theodore Kekstadt,@FxTradingUnlock,0,0,1131,1059,False,2010-03-22 20:56:00,"Wheeling, IL","Disclaimer : 
https://t.co/SD0o7DOGLi

President Forex Trading Unlocked Inc.
https://t.co/z22rCe3P1E","Forex Trading Unlocked Your Key To Online Trading - $Forex, $Bitcoin ",1.0,0.0,Neutral
2021-04-07 15:46:39,1379822941710512128,@CryptoCharles__ Bitcoin - Back in October 2020 ğŸ˜‹,Kevin Blackhurst,@BlackhurstKevin,0,0,22,97,False,2012-11-02 18:25:46,,, Bitcoin - Back in October 2020 ğŸ˜‹,0.0,0.0,Neutral
2021-04-07 15:46:39,1379822940632489987,"RT @BitzippOfficial: #Bitzipp 

#PreSale with 10% bonus is in progress 

1 BZP = 0.10 USD 

 Register on https://t.co/TIln1NzROf and buy #Bâ€¦",Dilanalesha,@dilanalesha,0,5806,14,68,False,2021-04-03 06:50:26,,,"Bitzipp 

PreSale with 10% bonus is in progress 

1 BZP = 0.10 USD 

 Register on  and buy Bâ€¦",0.0,0.0,Neutral
2021-04-07 15:46:39,1379822940485681154,"RT @latokens: Get a share of 1.5 million WHX cryptocurrency tokens. ğŸ’°
Join the @WHITEX63000231 Airdrop on LATOKEN, complete quick and easyâ€¦",Jhonny Bhai#BRG,@JhonnyB41567877,0,449,8,173,False,2021-01-05 06:40:28,,#BRGArmy,"Get a share of 1.5 million WHX cryptocurrency tokens. ğŸ’°
Join the  Airdrop on LATOKEN, complete quick and easyâ€¦",0.45,0.21666666666666667,Positive
2021-04-07 15:46:39,1379822939940384771,"RT @bitxmicrypto: Great News from tomorrow 5th April Bitxmi Earn while trade Promo will start!!

All traders can earn 0.05% in Bxmi on allâ€¦",I will win ğŸ”œ ğŸ”¥ğŸ”¥ğŸ”¥,@xyzriego,0,1662,30,278,False,2020-12-03 17:52:40,ğŸ‡®ğŸ‡© ,"I'm just a cement truck driver and my account was @yfzlucky_ğŸ”¥ But that my account has been suspended ğŸ˜•

6ï¸âƒ£5ï¸âƒ£ğŸ¹","Great News from tomorrow 5th April Bitxmi Earn while trade Promo will start!!

All traders can earn 0.05% in Bxmi on allâ€¦",0.75,1.0,Highly Positive
2021-04-07 15:46:39,1379822939743260675,"@StackerSatoshi What's going on with bitcoin ??
Minor correction or big dump ahead ??",Vipul Soni,@VipulSo05219521,0,0,15,289,False,2020-01-31 17:08:49,,," What's going on with bitcoin ??
Minor correction or big dump ahead ??",0.15000000000000002,-0.025,Negative
2021-04-07 15:46:38,1379822937809690627,RT @markwestwebsite: @kevinolearytv Kevin O'Leary aka Mr. Wonderful the destruction won't stop. Give power back to the people with a fair dâ€¦,Alma Aldana,@AaldanaPinto,0,43,70,153,False,2014-05-21 05:49:15,Regina Saskatchewan,, Kevin O'Leary aka Mr. Wonderful the destruction won't stop. Give power back to the people with a fair dâ€¦,0.6333333333333333,0.5666666666666667,Highly Positive
2021-04-07 15:46:38,1379822936912244743,"RT @BTC_Archive: Coinbase has 56M verified users!

Only 0.375 #BTC for each user will ever be mined ğŸ˜‚ 

#Bitcoin",Miklos Weber,@WeberMiklos,0,273,168,485,False,2020-10-29 21:44:56,"Ostrava, Czech",,"Coinbase has 56M verified users!

Only 0.375 BTC for each user will ever be mined ğŸ˜‚ 

Bitcoin",1.0,0.0,Neutral
2021-04-07 15:46:38,1379822934940876801,"Investment is the key to financial success, living on just your paycheck alone is suicidal.
Start up a second incomâ€¦ https://t.co/eOPh681hiq",Tammy Godwin9,@Godwin9Tammy,0,0,0,15,False,2021-03-31 09:20:11,"New York, USA",ğŸ“ŠğŸ€Fá´Ê€á´‡x-ÉªÉ´á´›á´‡Ê€á´‡Sá´›ğŸ“ˆğŸ“©Sá´‡É´á´… DÉªÊ€á´‡á´„á´› á´á´‡Ssá´€É¢á´‡ ğŸ›  ExPá´‡Ê€Éªá´‡É´á´„á´‡ á´›Ê€á´€á´…á´‡Ê€ ğŸ’°UÉ´ÉªTá´‡á´… Sá´›á´€Tá´‡ğŸ’¶ğŸ’·ğŸ“©á´…á´ğŸ“ŠğŸ“ˆğŸ“‰ğŸ¦¾Ná´‡á´ Ê€á´‡ GÉªá´ á´‡ Uá´˜ ğŸ¤ IÉ´á´ á´‡sTá´á´‡É´á´› Má´€É´á´€É¢á´‡á´á´‡É´T ğŸ€,"Investment is the key to financial success, living on just your paycheck alone is suicidal.
Start up a second incomâ€¦ ",0.25,0.075,Positive
2021-04-07 15:46:38,1379822934836060172,100X YOUR BITCOIN WITH THE BEST TRADING TRICK! HAS RIPPLE CHANGED THE GAME? https://t.co/zBUxpdE8b0 via @YouTube,Mars Rover,@XactAbort,0,0,10,142,False,2017-04-26 16:48:25,,,100X YOUR BITCOIN WITH THE BEST TRADING TRICK! HAS RIPPLE CHANGED THE GAME?  via ,0.35,0.3,Positive
2021-04-07 15:46:37,1379822933728751619,"RT @cryptoxchris: âš¡ğŸ”¥HOT $50 $ASTRO or BNB Giveaway!

To win:
âœ” Tag a friend
âœ” Follow us &amp; @AstroToken
âœ” Retweet

Good luck! ğŸ’–

Rolling in 2â€¦",Anuj asthana,@Anujasthana9,0,1626,3,54,False,2021-03-29 09:02:12,,student,"âš¡ğŸ”¥HOT $50 $ASTRO or BNB Giveaway!

To win:
âœ” Tag a friend
âœ” Follow us &amp; 
âœ” Retweet

Good luck! ğŸ’–

Rolling in 2â€¦",0.5,0.8375,Highly Positive
2021-04-07 15:46:37,1379822932420087811,"People are too blinded by looking at 15 minute graphs...just a matter of time ğŸ˜
#Bitcoin ğŸ¥• https://t.co/4L01FfQFpI",Architect,@ArchitectExe,0,0,148,140,False,2011-11-14 16:12:22,,,"People are too blinded by looking at 15 minute graphs...just a matter of time ğŸ˜
Bitcoin ğŸ¥• ",0.0,0.0,Neutral
2021-04-07 15:46:37,1379822931279237124,RT @IraHeatBeat: Miami Heat announce cryptocurrency partnership in wake of FTX Arena naming rights . . . but no Bitcoin accepted. https://tâ€¦,TIMMAY â„¢ ğŸ‡§ğŸ‡¸,@Timmaaay_,0,2,4818,2524,False,2011-06-20 23:21:43,"â˜€Nassau, The Bahamasâ˜€",#WHODAT242 ğŸ“º Media for @bahmasqueradersğŸ’» Basketball Aficionado (@miamiheat) ğŸ€ Carnival Enthusiast ğŸ¶ Music Junkie ğŸ§ Cinephile,Miami Heat announce cryptocurrency partnership in wake of FTX Arena naming rights . . . but no Bitcoin accepted. â€¦,0.0,0.0,Neutral
2021-04-07 15:46:36,1379822928724783110,RT @Eyix_ag0508: @BitzippOfficial This is a project that will be very useful in the future. Because it is supported by a professional teamâ€¦,Marof Hossen,@HossenMarof,0,1,2,36,False,2021-04-02 08:48:05,,, This is a project that will be very useful in the future. Because it is supported by a professional teamâ€¦,0.075,0.16333333333333333,Positive
2021-04-07 15:46:35,1379822925000237057,"RT @latokens: Get a share of 1.5 million WHX cryptocurrency tokens. ğŸ’°
Join the @WHITEX63000231 Airdrop on LATOKEN, complete quick and easyâ€¦",Ali Imam,@AliImam38764044,0,449,49,169,False,2020-06-18 14:19:41,,,"Get a share of 1.5 million WHX cryptocurrency tokens. ğŸ’°
Join the  Airdrop on LATOKEN, complete quick and easyâ€¦",0.45,0.21666666666666667,Positive
2021-04-07 15:46:35,1379822923553378309,"RT @iamZatoshi: ğŸ”¥ğŸ² Bitcoin SV Giveaway ğŸ²ğŸ”¥

I will give $50 in $BSV to 1 Person in 8 hours. 

Like, Retweet &amp; Follow me.

Tag #BitcoinSV orâ€¦",RagnarCAPO,@CapoRagnar,0,1865,2,141,False,2021-01-30 17:26:34,Colombia,"Addict to roobet, stake and others crypto casinos. 
New account to retweet giveaways and dont bother people in my real twitter xD","ğŸ”¥ğŸ² Bitcoin SV Giveaway ğŸ²ğŸ”¥

I will give $50 in $BSV to 1 Person in 8 hours. 

Like, Retweet &amp; Follow me.

Tag BitcoinSV orâ€¦",0.0,0.0,Neutral
2021-04-07 15:46:35,1379822923163303940,"RT @latokens: Get a share of 1.5 million WHX cryptocurrency tokens. ğŸ’°
Join the @WHITEX63000231 Airdrop on LATOKEN, complete quick and easyâ€¦",Ali Raza,@AliRaza04618084,0,449,3,84,False,2021-02-06 19:05:12,"Lahore, Pakistan",I am not perfect but I am thankful for everything I have,"Get a share of 1.5 million WHX cryptocurrency tokens. ğŸ’°
Join the  Airdrop on LATOKEN, complete quick and easyâ€¦",0.45,0.21666666666666667,Positive
2021-04-07 15:46:34,1379822920688664582,"RT @latokens: Get a share of 1.5 million WHX cryptocurrency tokens. ğŸ’°
Join the @WHITEX63000231 Airdrop on LATOKEN, complete quick and easyâ€¦",Savara Tejmal Sharma,@SharmaSavara,0,449,18,361,False,2021-01-17 12:48:41,"Dhule, India",Indian,"Get a share of 1.5 million WHX cryptocurrency tokens. ğŸ’°
Join the  Airdrop on LATOKEN, complete quick and easyâ€¦",0.45,0.21666666666666667,Positive
2021-04-07 15:46:34,1379822918838853634,RT @cryptojustine: Working with a lot of crypto projects here in community with good results! Dm me if your looking for promoter that can hâ€¦,ğŸ†,@anaknipickaw,0,290,356,1898,False,2014-02-24 16:05:05,Gcash: 09998072251,back-up: @luckytwirlong_ | 6ï¸âƒ£5ï¸âƒ£ğŸ¹ | #StephTYNext #GenSquad #SirgeSquad #mamitokyo #LegitCutieBabeGem #silentsquad,Working with a lot of crypto projects here in community with good results! Dm me if your looking for promoter that can hâ€¦,0.6000000000000001,0.875,Highly Positive
2021-04-07 15:46:33,1379822916687294465,"RT @lexfridman: I propose a new cryptocurrency: LexCoin. It is infinitely scarce, only zero available ever, but it does exist as a Platonicâ€¦",Jonathan Spleef,@06_chevy_,0,95,21,489,False,2020-02-15 01:25:15,Jeffer St.,ignorance is bliss. $doge,"I propose a new cryptocurrency: LexCoin. It is infinitely scarce, only zero available ever, but it does exist as a Platonicâ€¦",0.6181818181818182,0.1787878787878788,Positive
2021-04-07 15:46:33,1379822915659591686,@mwhjdgi @PayPal I don't understand your first sentence. Are you saying you can spend bitcoin as dollars?,ğŸ•³ï¸,@fresheyeball,0,0,992,1779,False,2010-07-10 09:38:54,"Firestone, CO","I hire Haskellers and like GHCjs.

https://t.co/993sjQT5GJ

https://t.co/XhJmihbmWy

https://t.co/GxofRuEsGF",  I don't understand your first sentence. Are you saying you can spend bitcoin as dollars?,0.3333333333333333,0.25,Positive
2021-04-07 15:46:33,1379822914762067969,RT @IraHeatBeat: Miami Heat announce cryptocurrency partnership in wake of FTX Arena naming rights . . . but no Bitcoin accepted. https://tâ€¦,ğŸŒ´305 Tomas CasalesğŸŒ´HEAT (26-25)ğŸ”¥,@HeatUpTommy,0,2,1265,1800,False,2017-04-06 12:03:44,,GO FOLLOW THE HOMIES @JimmysBurner2 @angieemartell @SmooveL5 @TheWRLD_Backup @currypiston @SportsVibes305 @MiamiHEAT @HeatVsHaters @KidomegaLeon #HEATTwitter,Miami Heat announce cryptocurrency partnership in wake of FTX Arena naming rights . . . but no Bitcoin accepted. â€¦,0.0,0.0,Neutral
2021-04-07 15:46:33,1379822914183254028,RT @GerberKawasaki: We will be detailing today the future of what buying bitcoin through a established institutional firm will look like. Wâ€¦,Digital Asset Management,@DAM_Zone,0,5,2041,1744,False,2018-05-31 11:50:24,"Linz, Austria","#DAM ist die Speicherung und Verwaltung von beliebigen digitalen Inhalten, insbesondere von Mediendateien wie Grafiken, Videos, Musikdateien und Textbausteinen.",We will be detailing today the future of what buying bitcoin through a established institutional firm will look like. Wâ€¦,0.2625,-0.1,Negative
2021-04-07 15:46:32,1379822910978678785,RT @flurtft: ğŸ–¤ $100 to someone who retweets this and follows @pardonmypick in 24 hours ğŸ–¤ #giveaway #Bitcoin #Ethereum #BNB #TRX #money #spoâ€¦,Bee ğŸ€,@babeebeau,0,2374,17,413,False,2018-01-21 09:44:22,,"My account @/beauvisual is suspended. I'll use this account insteadğŸ˜Š
#ILYAngeLQueeN",ğŸ–¤ $100 to someone who retweets this and follows  in 24 hours ğŸ–¤ giveaway Bitcoin Ethereum BNB TRX money spoâ€¦,0.0,0.0,Neutral
2021-04-07 15:46:31,1379822906557915140,"RT @bud_crypto: $BTC 4H chart is showing a Resistance level at $55,830.64 and a Support level at $46,145.78

The candles are above the itchâ€¦",JUAN,@jhnvrgno,0,846,243,3497,False,2020-04-22 01:55:14,Cordillera Admin Region,"aim, dream and do it âœ¨ ğŸŒˆ","$BTC 4H chart is showing a Resistance level at $55,830.64 and a Support level at $46,145.78

The candles are above the itchâ€¦",0.1,0.0,Neutral
2021-04-07 15:46:31,1379822906377711620,"RT @latokens: Get a share of 1.5 million WHX cryptocurrency tokens. ğŸ’°
Join the @WHITEX63000231 Airdrop on LATOKEN, complete quick and easyâ€¦",rt3900,@Ruben55042679,0,449,7,212,False,2020-01-28 13:20:14,All World,Fanatic Tokens ğŸ”®,"Get a share of 1.5 million WHX cryptocurrency tokens. ğŸ’°
Join the  Airdrop on LATOKEN, complete quick and easyâ€¦",0.45,0.21666666666666667,Positive
2021-04-07 15:46:31,1379822906209759234,"@bdamcoin What a great project, this project is very good and this projector has a lot of attractions, so hopefullyâ€¦ https://t.co/KiMv1wzy5h",novolcuya,@novolcuya,0,0,5,11,False,2021-03-21 02:55:09,,," What a great project, this project is very good and this projector has a lot of attractions, so hopefullyâ€¦ ",0.7650000000000001,0.855,Highly Positive
2021-04-07 15:46:30,1379822904532217857,"RT @sebnemism: There is something I love about #holochain community. They aren't in it just for the pump, but the real belief in bringing sâ€¦",Onur,@honurdemir,0,28,469,493,False,2010-06-19 13:50:45,"ĞœĞ¾ÑĞºĞ²Ğ°, Ğ Ğ¾ÑÑĞ¸Ñ",All we need is financial freedom. Eng ğŸ‡·ğŸ‡º #bitcoin & #holochain enthusiast,"There is something I love about holochain community. They aren't in it just for the pump, but the real belief in bringing sâ€¦",0.45,0.35,Positive
2021-04-07 15:46:30,1379822903328337930,"RT @latokens: Get a share of 1.5 million WHX cryptocurrency tokens. ğŸ’°
Join the @WHITEX63000231 Airdrop on LATOKEN, complete quick and easyâ€¦",Md Sohag Rana,@MdSohag82617183,0,449,1,28,False,2021-03-01 07:03:30,,Student,"Get a share of 1.5 million WHX cryptocurrency tokens. ğŸ’°
Join the  Airdrop on LATOKEN, complete quick and easyâ€¦",0.45,0.21666666666666667,Positive
2021-04-07 15:46:30,1379822902678282242,@eghenry I realize Bitcoin power consumption is a concern. But what are you including in the per-transaction costs of real money exchange?,Mathew Ingram,@mathewi,0,0,89549,2993,True,2007-03-09 04:29:32,"43.776188,-79.149103","I write about digital media for the Columbia Journalism Review. I'm an expert in stucco, a veteran in love and an outlaw in Peru (via https://t.co/UNA708psks)", I realize Bitcoin power consumption is a concern. But what are you including in the per-transaction costs of real money exchange?,0.30000000000000004,0.2,Positive
2021-04-07 15:46:29,1379822898760675330,"RT @latokens: Get a share of 1.5 million WHX cryptocurrency tokens. ğŸ’°
Join the @WHITEX63000231 Airdrop on LATOKEN, complete quick and easyâ€¦",Ayaan Ansari,@Baeless_Hoon,0,449,6,69,False,2019-05-12 15:49:38,,,"Get a share of 1.5 million WHX cryptocurrency tokens. ğŸ’°
Join the  Airdrop on LATOKEN, complete quick and easyâ€¦",0.45,0.21666666666666667,Positive
2021-04-07 15:46:28,1379822896042807297,RT @flurtft: ğŸ© $100 to someone who retweets this and joins https://t.co/e5cJF4aBHx + https://t.co/NCGS7cV0sY and then votes for $POODL in 1â€¦,LJ â™¡,@reddbutterfly_,0,1112,227,715,False,2020-07-12 14:54:46,,"19 â™¡ la vie est courte, l'art est long â™¡ #íœ˜ì¸ â™¡ WHEEIN'S SOLO COMEBACK ON APRIL 13TH",ğŸ© $100 to someone who retweets this and joins  +  and then votes for $POODL in 1â€¦,0.0,0.0,Neutral
2021-04-07 15:46:28,1379822895959003139,"RT @BitzippOfficial: #Bitzipp 

#PreSale with 10% bonus is in progress 

1 BZP = 0.10 USD 

 Register on https://t.co/TIln1NzROf and buy #Bâ€¦",Arsham,@Arsham34252937,0,5808,18,173,False,2020-12-19 01:03:53,,https://t.co/2ECnMDLPCQ,"Bitzipp 

PreSale with 10% bonus is in progress 

1 BZP = 0.10 USD 

 Register on  and buy Bâ€¦",0.0,0.0,Neutral
2021-04-07 15:46:28,1379822895849897988,"RT @ripki255: @BitzippOfficial This is a project that will be very useful in the future.
because it is supported by a professional team witâ€¦",Marof Hossen,@HossenMarof,0,1,2,36,False,2021-04-02 08:48:05,,," This is a project that will be very useful in the future.
because it is supported by a professional team witâ€¦",0.075,0.16333333333333333,Positive
2021-04-07 15:46:28,1379822895690440705,"RT @bitxmicrypto: Great News from tomorrow 5th April Bitxmi Earn while trade Promo will start!!

All traders can earn 0.05% in Bxmi on allâ€¦",â—¡Ìˆ,@kodillll,0,1662,81,153,False,2020-06-08 04:34:27,Indonesia,i just love,"Great News from tomorrow 5th April Bitxmi Earn while trade Promo will start!!

All traders can earn 0.05% in Bxmi on allâ€¦",0.75,1.0,Highly Positive
2021-04-07 15:46:28,1379822894570688519,"RT @SallyMayweather: Some coins have good adoption but are poor exchange media. Others are efficient exchange media but lack adoption. 

Onâ€¦",BCH is CASH,@bch_pls,0,13,1009,1619,False,2017-10-24 15:32:31,,Bitcoin Cash is Fast | Affordable | Secure | Decentralized | Sound Money | For the World,"Some coins have good adoption but are poor exchange media. Others are efficient exchange media but lack adoption. 

Onâ€¦",0.6000000000000001,0.14999999999999997,Positive
2021-04-07 15:46:28,1379822894306316290,"RT @latokens: Get a share of 1.5 million WHX cryptocurrency tokens. ğŸ’°
Join the @WHITEX63000231 Airdrop on LATOKEN, complete quick and easyâ€¦",Jahid Billa,@BillaJahid,0,450,15,94,False,2021-03-03 11:09:04,,I am a student.,"Get a share of 1.5 million WHX cryptocurrency tokens. ğŸ’°
Join the  Airdrop on LATOKEN, complete quick and easyâ€¦",0.45,0.21666666666666667,Positive
2021-04-07 15:46:28,1379822894084132870,"RT @jchatterleyCNN: #Bitcoin bulls beware! 

""When we get a risk-off moment, we could be seeing $BTC pullback to $20-30k. But I think for lâ€¦",XRPCOMS,@xrpcoms,0,5,390,1090,False,2020-12-23 19:05:42,,Samurai,"Bitcoin bulls beware! 

""When we get a risk-off moment, we could be seeing $BTC pullback to $20-30k. But I think for lâ€¦",0.0,0.0,Neutral
2021-04-07 15:46:27,1379822890053476355,RT @elonmusk: You can now buy a Tesla with Bitcoin,ğŸš«*SURPRISING* T.O.O.LSğŸ•ŠğŸ“ˆ,@kenshaks,0,116037,515,506,False,2012-01-12 13:01:42,Streaming Within the CloudsğŸ›©,"I Aâ™UNITED

ğŸŒŠğŸ’¥Don't Let your Emotions Supersede Your IntelligenceğŸ’¥",You can now buy a Tesla with Bitcoin,0.0,0.0,Neutral
2021-04-07 15:46:26,1379822886769188865,"RT @latokens: Get a share of 1.5 million WHX cryptocurrency tokens. ğŸ’°
Join the @WHITEX63000231 Airdrop on LATOKEN, complete quick and easyâ€¦",Followback 100%,@NguyenOai10,0,450,30,207,False,2020-12-17 05:36:03,,Follow me and Followback,"Get a share of 1.5 million WHX cryptocurrency tokens. ğŸ’°
Join the  Airdrop on LATOKEN, complete quick and easyâ€¦",0.45,0.21666666666666667,Positive
2021-04-07 15:46:26,1379822886395908102,"RT @lexfridman: I propose a new cryptocurrency: LexCoin. It is infinitely scarce, only zero available ever, but it does exist as a Platonicâ€¦",Vitreledonella Richardi,@KronRafa,0,95,1,33,False,2021-03-14 23:32:32,,,"I propose a new cryptocurrency: LexCoin. It is infinitely scarce, only zero available ever, but it does exist as a Platonicâ€¦",0.6181818181818182,0.1787878787878788,Positive
2021-04-07 15:46:26,1379822884827377675,"RT @amonbuy: $GVT ğŸ¥‡ğŸ†ğŸ¦¾

Big things to come. 

Just wait patiently because it coming!

#altcoins #altseanson #Binance #Bitcoin #cryptocurrencâ€¦",Buy Crypto ğŸŒğŸ”¥ğŸš€,@amonbuy,0,22,2640,169,False,2017-10-19 23:16:09,"Delaware, USA","My posts are not investment advice. Do your research yourself. Good days do not come to you, you will go to them.  #bitcoin #DeFi","$GVT ğŸ¥‡ğŸ†ğŸ¦¾

Big things to come. 

Just wait patiently because it coming!

altcoins altseanson Binance Bitcoin cryptocurrencâ€¦",0.1,0.0,Neutral
2021-04-07 15:46:26,1379822884521009153,"RT @latokens: Get a share of 1.5 million WHX cryptocurrency tokens. ğŸ’°
Join the @WHITEX63000231 Airdrop on LATOKEN, complete quick and easyâ€¦",Gudu Kumar,@GuduKum77509966,0,450,252,167,False,2020-06-30 03:12:57,,Student,"Get a share of 1.5 million WHX cryptocurrency tokens. ğŸ’°
Join the  Airdrop on LATOKEN, complete quick and easyâ€¦",0.45,0.21666666666666667,Positive
2021-04-07 15:46:25,1379822882742624256,RT @Kuswant01619488: @BitzippOfficial This is a project that will be very useful in the future. Because it is supported by a professional tâ€¦,Marof Hossen,@HossenMarof,0,1,2,36,False,2021-04-02 08:48:05,,, This is a project that will be very useful in the future. Because it is supported by a professional tâ€¦,0.075,0.16333333333333333,Positive
2021-04-07 15:46:25,1379822881526386697,RT @cryptojustine: Working with a lot of crypto projects here in community with good results! Dm me if your looking for promoter that can hâ€¦,Laiba Shaikh,@CryptoLaiba,0,290,302,3350,False,2020-03-20 20:01:47,,I am just a student!,Working with a lot of crypto projects here in community with good results! Dm me if your looking for promoter that can hâ€¦,0.6000000000000001,0.875,Highly Positive
2021-04-07 15:46:25,1379822880528154632,I warned you about MARA. Now down 12%. #Bitcoin mining is a fools errand in USA. CHINESE miners with free electriciâ€¦ https://t.co/rZEDhd4U7Z,Buzzy Bitcoin,@BuzzyBitcoin,0,0,159,3,False,2020-10-07 12:40:42,"Austen, Texaz",BITCOIN is NOT a SOCIAL MOVEMENT,I warned you about MARA. Now down 12%. Bitcoin mining is a fools errand in USA. CHINESE miners with free electriciâ€¦ ,0.362962962962963,0.08148148148148147,Positive
2021-04-07 15:46:24,1379822877856333824,"RT @flurtft: $100 reroll, winner replied with wrong reply (was supposed to tell me to go to sleep but said goodluck...). retweet and ends iâ€¦",Sooya,@Sooyakimmy,0,2856,163,485,False,2021-03-30 01:57:03,,my account got sus (Ninipickme) | PLEASE DONâ€™T REROLL,"$100 reroll, winner replied with wrong reply (was supposed to tell me to go to sleep but said goodluck...). retweet and ends iâ€¦",0.9,-0.5,Highly Negative
2021-04-07 15:46:24,1379822877306937348,RT @DarkwebToday: Bangalore police gets their #100DaysOfCode #cybersecuritytips #infosecurity #hacknotcrime https://t.co/4GZdKcbb14 #blog #â€¦,Chris Kalema,@KalemaChris,0,1,806,272,False,2017-07-08 09:45:04,"Kampala, Uganda ",Technologist @UnwantedWitness || Cyber-Security Enthusiast || Digital Rights Activist || Graduate @MakerereU || Novice Coder ğŸ‘¨ğŸ¾â€ğŸ’»,Bangalore police gets their 100DaysOfCode cybersecuritytips infosecurity hacknotcrime  blog â€¦,0.0,0.0,Neutral
2021-04-07 15:46:24,1379822875616583684,"RT @latokens: Get a share of 1.5 million WHX cryptocurrency tokens. ğŸ’°
Join the @WHITEX63000231 Airdrop on LATOKEN, complete quick and easyâ€¦",James,@James38409889,0,435,9,179,False,2020-10-07 11:32:00,,Born to grow,"Get a share of 1.5 million WHX cryptocurrency tokens. ğŸ’°
Join the  Airdrop on LATOKEN, complete quick and easyâ€¦",0.45,0.21666666666666667,Positive
2021-04-07 15:46:24,1379822875587186690,"RT @Sweepsgg: Iâ€™m giving $100 to one lucky follower that retweets this within the next 24 hours. #Bitcoin 

To enter:
- Follow @BailieRickâ€¦",JOKER BABY,@3wli8U3ndia,0,980,19,2222,False,2015-10-16 07:45:21,,"â€â€â€çŒ«Ù‚Ø·×—×ª×•×œãƒã‚³
ğŸ‡µğŸ‡­","Iâ€™m giving $100 to one lucky follower that retweets this within the next 24 hours. Bitcoin 

To enter:
- Follow â€¦",0.4166666666666667,0.16666666666666666,Positive
2021-04-07 15:46:24,1379822875419439111,RT @flurtft: âœ¨ $100 to someone who retweets this and follows @CoinEmirate + joins telegram https://t.co/XzOrHPAWEz in 48 hours âœ¨ #giveawayâ€¦,ddeonuts is sad â˜¹ï¸,@vergarampl,0,873,160,1967,False,2016-05-23 11:03:21,Metro Manila +63,|she | her| âœ¨let's work hard every single day                                             #GenSquad #LiT #cryptoaddictfam #mamitokyo #ILYAngeLQueeN #silentsquad,âœ¨ $100 to someone who retweets this and follows  + joins telegram  in 48 hours âœ¨ giveawayâ€¦,0.0,0.0,Neutral
2021-04-07 15:46:23,1379822874459004934,@APompliano Do you think Bitcoin / Ethereum Maximalism has cult like characteristics?  And what can be done to alloâ€¦ https://t.co/BPB3jmf6ZK,NGU.FYI #BRINGTHECHAOSâš¡ï¸áš±,@NguFyi,0,0,84,667,False,2020-12-19 21:48:26,USA,"Entrepreneur, Real Estate Developer, Technologist.... @MIT @BellLabs", Do you think Bitcoin / Ethereum Maximalism has cult like characteristics?  And what can be done to alloâ€¦ ,0.0,0.0,Neutral
2021-04-07 15:46:23,1379822872701587459,"The Bitcoin pumpers are trying so hard to make it a main stream asset class, some of these ideas are just out thereâ€¦ https://t.co/h5TnIRJ4Jv",VG,@vgfx,0,0,152,40,False,2010-12-24 19:26:40,,Financial Musings,"The Bitcoin pumpers are trying so hard to make it a main stream asset class, some of these ideas are just out thereâ€¦ ",0.4375,-0.06250000000000001,Negative
2021-04-07 15:46:23,1379822871996940289,"@Mattzda3 Same, but I just find it funny that I was literally told by the donator to invest the money he gave me into Bitcoin and I didn't ğŸ˜‚",Evan Zirschky,@EvanZir,0,0,14194,685,False,2015-08-18 22:11:16,"Nashville, TN",â­ï¸Use Code â€œEB1â€ | Evanbear1 | 18 | Twitch Streamer / Music Composer / Developer @JetWars2 | Business Contact: evanbear1twitch@gmail.com," Same, but I just find it funny that I was literally told by the donator to invest the money he gave me into Bitcoin and I didn't ğŸ˜‚",0.5625,0.125,Positive
2021-04-07 15:46:23,1379822871845990406,"RT @iamZatoshi: ğŸ”¥ğŸ² Bitcoin SV Giveaway ğŸ²ğŸ”¥

I will give $50 in $BSV to 1 Person in 8 hours. 

Like, Retweet &amp; Follow me.

Tag #BitcoinSV orâ€¦",Coin Casher ğŸ¤‘,@Coin_Casher,0,1865,377,888,False,2018-11-18 04:54:24,,FUCK YOU MONEY...,"ğŸ”¥ğŸ² Bitcoin SV Giveaway ğŸ²ğŸ”¥

I will give $50 in $BSV to 1 Person in 8 hours. 

Like, Retweet &amp; Follow me.

Tag BitcoinSV orâ€¦",0.0,0.0,Neutral
2021-04-07 15:46:23,1379822871476805633,"RT @latokens: Get a share of 1.5 million WHX cryptocurrency tokens. ğŸ’°
Join the @WHITEX63000231 Airdrop on LATOKEN, complete quick and easyâ€¦",Airdop King,@AirdopKing99,0,450,3,47,False,2021-03-13 06:21:08,Bangladesh,iam and Airdop Lover and Small Freelancer,"Get a share of 1.5 million WHX cryptocurrency tokens. ğŸ’°
Join the  Airdrop on LATOKEN, complete quick and easyâ€¦",0.45,0.21666666666666667,Positive
2021-04-07 15:46:22,1379822868322603008,RT @jack: Announcing CCI #bitcoin https://t.co/cT3AQf0op7,Tun Karnjanakul,@TunKarnjanakul,0,845,579,945,False,2008-10-27 17:11:30,"Phuket, Thailand","#Bitcoin / Blockchain Testnet observer ğŸ” / Phuket ğŸ, Thailand",Announcing CCI bitcoin ,0.0,0.0,Neutral
2021-04-07 15:46:22,1379822868138106880,"RT @RosyidM9: @BitzippOfficial This is a project that will be very useful in the future, because it is supported by a professional team witâ€¦",Marof Hossen,@HossenMarof,0,1,2,36,False,2021-04-02 08:48:05,,," This is a project that will be very useful in the future, because it is supported by a professional team witâ€¦",0.075,0.16333333333333333,Positive
2021-04-07 15:46:21,1379822866389213188,"Original NFT comic series; InvestComics #1.
Go to OpenSea --&gt; https://t.co/CXkztdY0sv
#comicbook #nft #nftcomicâ€¦ https://t.co/miEznNSsBD",Trending Pop Culture,@TrendingPopCult,0,0,1600,911,False,2010-01-12 05:00:56,"Florida, USA",Trends Within The World of Pop Culture and Comic Book Speculation. Since 2005.,"Original NFT comic series; InvestComics 1.
Go to OpenSea --&gt; 
comicbook nft nftcomicâ€¦ ",0.625,0.3125,Positive
2021-04-07 15:46:21,1379822866087223302,RT @ericschiffer: Bitcoinâ€™s power is mysterious for many people. Watch my interview and hear my thoughts about what you should know as an iâ€¦,efsun akÄ±ncÄ±,@aliakin40594751,0,1587,19,11,False,2021-02-05 20:36:19,"DiyarbakÄ±r, TÃ¼rkiye",Ak Parti DiyarbakÄ±r YeniÅŸehir KadÄ±n KollarÄ± YÃ¶netim Kurulu Asil Ãœyesi.,Bitcoinâ€™s power is mysterious for many people. Watch my interview and hear my thoughts about what you should know as an iâ€¦,0.75,0.25,Positive
2021-04-07 15:46:21,1379822865248358400,Miami Heat announce cryptocurrency partnership in wake of FTX Arena naming rights . . . but no Bitcoin accepted.â€¦ https://t.co/jGW4A2gZrc,Ira Winderman,@IraHeatBeat,4,2,86276,144,True,2009-05-11 21:27:13,,"Father of Jake, husband of Sheri, stunningly mediocre in tennis, too passionate about New York Rangers, oh, and cover Miami Heat for South Florida Sun Sentinel.",Miami Heat announce cryptocurrency partnership in wake of FTX Arena naming rights . . . but no Bitcoin accepted.â€¦ ,0.0,0.0,Neutral
2021-04-07 15:46:21,1379822864988262406,The NFL's Manning Brothers To Release NFT Series https://t.co/8DPHIl8h46 via @decryptmedia #bitcoin #defi https://t.co/7EriZlpOqw,Coinboard,@Coinboard,0,0,6017,979,False,2013-05-29 08:17:46,"London, United Kingdom",Bringing you the latest #bitcoin #cryptocurrency #fintech news & #developments.,The NFL's Manning Brothers To Release NFT Series  via  bitcoin defi ,0.0,0.0,Neutral
2021-04-07 15:46:21,1379822864585478146,RT @100trillionUSD: #Bitcoin has been stuck around $55K since Feb 19. I guess we need some consolidation around this magical number: weak hâ€¦,â‹°Â·â‹°Dâ‚³N,@Satoshi_Dee,0,605,315,296,False,2017-12-31 03:29:15,,"MSc, Crypto Investor Class of â€˜17 . Retweets are just bookmarks for myself.",Bitcoin has been stuck around $55K since Feb 19. I guess we need some consolidation around this magical number: weak hâ€¦,0.8125,0.0625,Positive
2021-04-07 15:46:21,1379822864543612936,RT @flurtft: ğŸ–¤ $300 to someone who retweets this and follows @POODLETOKEN in 4 days ğŸ–¤ #giveaway #Bitcoin #Ethereum #BNB #TRX #money #Rippleâ€¦,Erris,@francis_erris,0,1800,110,342,False,2017-04-22 06:33:35,,Meh,ğŸ–¤ $300 to someone who retweets this and follows  in 4 days ğŸ–¤ giveaway Bitcoin Ethereum BNB TRX money Rippleâ€¦,0.0,0.0,Neutral
2021-04-07 15:46:20,1379822859220967424,"@iamjosephyoung 5 April Barometer update released!! 

The indicators suggest material further upside for #bitcoin,â€¦ https://t.co/LhMnfKFXRL",Bitcoin.Barometer,@BTCbarometer,0,0,1239,50,False,2009-07-27 12:35:29,"Central Region, Singapore","Follow this page and my Instagram (@bitcoin.barometer) for periodic #bitcoin barometer updates, memes and education nuggets."," 5 April Barometer update released!! 

The indicators suggest material further upside for bitcoin,â€¦ ",0.5,0.0,Neutral
2021-04-07 15:46:19,1379822856775725061,"RT @Sweepsgg: Iâ€™m giving $100 to one lucky follower that retweets this within the next 24 hours. #Bitcoin 

To enter:
- Follow @BailieRickâ€¦",Arfah,@ArfahNevaDiana,0,980,36,289,False,2021-04-01 06:41:08,,"second akun @.arfahneva..
suspend account","Iâ€™m giving $100 to one lucky follower that retweets this within the next 24 hours. Bitcoin 

To enter:
- Follow â€¦",0.4166666666666667,0.16666666666666666,Positive
2021-04-07 15:46:19,1379822856410963968,"RT @rektcapital: So far, #Bitcoin is down -10% from its ~$61700 highs

Not a Bear Market, just a healthy pullback

#BTC",FederalRosax,@FederalRosax,0,15,43,261,False,2021-03-14 06:47:05,"La Matanza, Buenos Aires","Argentino #bitcoin

$SHR $COTI $REEF $FOR $XLM $LINK $MDT $VIDT","So far, Bitcoin is down -10% from its ~$61700 highs

Not a Bear Market, just a healthy pullback

BTC",0.5962962962962963,0.14814814814814814,Positive
2021-04-07 15:46:19,1379822855492341760,RT @BitcoinSapiens: â€œYour government considering a #Bitcoin ban is a buy signal not a sell signal.â€ -@matt_odell,Ak,@aklogos,0,132,313,2432,False,2019-02-17 19:04:11,,#Bitcoin Pleb and Small Business Syndication Partner,â€œYour government considering a Bitcoin ban is a buy signal not a sell signal.â€ -,0.0,0.0,Neutral
2021-04-07 15:46:19,1379822855161065474,I need to be able to flash my Bitcoin wealth but value investors also have Apple watches - how can I do that https://t.co/yP7nWq4tKi,Mukund Karanjikar,@Oil_addiction,0,0,122,551,False,2011-02-22 20:25:47,SLC,"Taking care of earth - one innovation at a time. Energy, environment, economics and then engineering the future.",I need to be able to flash my Bitcoin wealth but value investors also have Apple watches - how can I do that ,0.625,0.5,Highly Positive
2021-04-07 15:46:18,1379822854150184965,"RT @SHIBSHIBSHIB1: Reasons to Buy $SHIB and support Shiba Inu:

#8: $SHIB is the first  super cool meme coin created on the super secure anâ€¦",Ridethe$ShibTrain,@dfddh9,0,5,36,56,False,2021-02-07 19:05:28,@mars,Forever HodLing %%,"Reasons to Buy $SHIB and support Shiba Inu:

8: $SHIB is the first  super cool meme coin created on the super secure anâ€¦",0.5833333333333333,0.3333333333333333,Positive
2021-04-07 15:46:18,1379822854020202501,"RT @APompliano: There are too many institutions showing up to buy bitcoin and not enough bitcoin left on the exchanges.

Supply-demand imbaâ€¦",Dawson,@daws_hog,0,325,165,313,False,2014-08-27 16:18:46,,,"There are too many institutions showing up to buy bitcoin and not enough bitcoin left on the exchanges.

Supply-demand imbaâ€¦",0.3333333333333333,0.16666666666666666,Positive
2021-04-07 15:46:18,1379822853810352128,"RT @boylah_: @BitzippOfficial This is a project that will be very useful in the future, because it is supported by a professional team withâ€¦",Marof Hossen,@HossenMarof,0,1,2,36,False,2021-04-02 08:48:05,,," This is a project that will be very useful in the future, because it is supported by a professional team withâ€¦",0.075,0.16333333333333333,Positive
2021-04-07 15:46:18,1379822853529481218,"RT @CryptoTheBeast_: Dear Community â¤ï¸
@reflectdao update information ğŸ¤³
I think with 850k inital marketcap . 
Big announcement's  coming ğŸš€â€¦",Gab Tan,@MasterVPuppets,0,90,28,474,False,2021-03-31 02:48:02,,,"Dear Community â¤ï¸
 update information ğŸ¤³
I think with 850k inital marketcap . 
Big announcement's  coming ğŸš€â€¦",0.1,0.0,Neutral
2021-04-07 15:46:18,1379822852237496329,"RT @BitcoinBro303: $50 to one follower who RT's and follows @QintarFinance +
Retweets their pinned tweet

Ends 12 hours Goodluck ğŸ¯
#giveawaâ€¦",Va dilimit jeki ğŸ˜¤ 6ï¸âƒ£5ï¸âƒ£ğŸ¹,@kkxxzzll,0,1647,546,4984,False,2012-12-23 12:20:11,"Padang, West Sumatera ğŸ‡®ğŸ‡© ","Bismillah,
Langganan Limit,
Personal Account,
SONE ğŸ€ğŸ€
ğŸ‡®ğŸ‡©ğŸ‡®ğŸ‡© $EDDA #flurwin #C1NK #CBLove 6ï¸âƒ£5ï¸âƒ£ ğŸ¹ #CiervoKingFam ğŸ¦ŒğŸ‘‘","$50 to one follower who RT's and follows  +
Retweets their pinned tweet

Ends 12 hours Goodluck ğŸ¯
giveawaâ€¦",0.0,0.0,Neutral
2021-04-07 15:46:18,1379822851553947657,RT @BTCTN: The #XRP token has now reversed most of the losses it suffered after the SEC announced its lawsuit against Ripple. https://t.co/â€¦,Crypto Dood,@BitcoinDood,0,19,43806,2955,False,2014-09-06 19:19:40,NY,The Dood loves #bitcoin & altcoin trading. Lover of all things cryptocurrency. Follow @NewsCryptoBot for the latest cryptocurrency news & headlines.,The XRP token has now reversed most of the losses it suffered after the SEC announced its lawsuit against Ripple. â€¦,0.55,0.2,Positive
2021-04-07 15:46:17,1379822848626266112,"Sometimes I'll cook and my bride price will rise like bitcoin
Another time, I'll cook and I'll be wondering who'll marry meğŸ˜©ğŸ˜©ğŸ˜©ğŸ˜©",SarahğŸ’¦,@ade_darme,0,0,1975,1802,False,2018-12-25 23:23:49,where the ğŸ’° @,"Just want to be happy
June 27thâ¤ï¸
IG: @ade_darme","Sometimes I'll cook and my bride price will rise like bitcoin
Another time, I'll cook and I'll be wondering who'll marry meğŸ˜©ğŸ˜©ğŸ˜©ğŸ˜©",0.0,0.0,Neutral
2021-04-07 15:46:17,1379822848563322881,"RT @MCCVentures: Atari creates blockchain division for cryptocurrency, games - Tech Xplore @MiguelICarlos @Fairmarket_Ph https://t.co/OFWkeâ€¦",Max Neyrenda,@neyrenda,0,10,48,323,False,2020-10-06 14:39:54,Unites Kingdom,"aka ""Mother of Blockchains.""
Blockchain & Finance Deal Lawyer.  Never legal or investment advice. Views are mine personally, not necessarily anyone else's.","Atari creates blockchain division for cryptocurrency, games - Tech Xplore   â€¦",0.0,0.0,Neutral
2021-04-07 15:46:17,1379822846650810370,Evolving Technology Challenges The Status Quo https://t.co/mc82bRJDkG #Blockchain #Cryptocurrency https://t.co/B5zQPMBn0j,Max Jacobs,@bymaxjacobs,0,0,61,140,False,2019-07-03 03:55:54,"Seattle, WA","Max Jacobs is a retired HRpro is now a home business person. Passions: MLM, Blockchain, Bitcoin, and Cryptocurrency. Over the moon with Markethive.",Evolving Technology Challenges The Status Quo  Blockchain Cryptocurrency ,0.0,0.0,Neutral
2021-04-07 15:46:16,1379822845824430081,"RT @flurtft: ğŸ’œ $4k reroll. just follow + retweet for chance to #win. ends in 72 hours.ğŸ’œ 
 #giveaway. #bitcoin #ethereum #bnb #TRX #tenset",Yedam my babyğŸ’•,@Minhyorin2006,0,10240,8,69,False,2019-10-16 17:33:07,,"ğŸ’œ!BLACKPINK IN YOUR AREA!ğŸ’œ
FOLLoW BACK","ğŸ’œ $4k reroll. just follow + retweet for chance to win. ends in 72 hours.ğŸ’œ 
 giveaway. bitcoin ethereum bnb TRX tenset",0.4,0.8,Highly Positive
2021-04-07 15:46:16,1379822845262450692,RT @purposefulinv: Whoever is selling their crypto here is going to be devastated in 2 weeks time #Bitcoin,bitchcoinmary,@BitchcoinMary,0,1,23,172,False,2021-03-02 11:57:23,,"#bitcoin 
Resisting the digital panopticon planned by the globalist cartel.
Pronouns UN/VAXXED",Whoever is selling their crypto here is going to be devastated in 2 weeks time Bitcoin,0.0,0.0,Neutral
2021-04-07 15:46:16,1379822841990840322,RT @cryptojustine: Working with a lot of crypto projects here in community with good results! Dm me if your looking for promoter that can hâ€¦,mikuuu,@Maleolavance,0,290,3615,3239,False,2019-05-19 16:37:24,,"#flurwin #AP8testi #silentsquad #LiT  #JustineWinners ğŸ­ 
6ï¸âƒ£5ï¸âƒ£ğŸ¹ SheSaidSheWasLvL18",Working with a lot of crypto projects here in community with good results! Dm me if your looking for promoter that can hâ€¦,0.6000000000000001,0.875,Highly Positive
2021-04-07 15:46:15,1379822840749252608,"RT @hujan_kalasenja: @BitzippOfficial This is a project that will be very useful in the future.
because it is supported by a professional tâ€¦",Marof Hossen,@HossenMarof,0,2,2,36,False,2021-04-02 08:48:05,,," This is a project that will be very useful in the future.
because it is supported by a professional tâ€¦",0.075,0.16333333333333333,Positive
2021-04-07 15:46:15,1379822840178937856,"RT @MarkCrypto23: Volume has slowed significantly over the past two weeks, which is typical of an aggregation stage and could lead to sharpâ€¦",C4mp3r0r,@C4mp3r0r1,0,49,92,227,False,2021-03-21 21:45:04,WR0NgPL4C3,#RYO is #badcaca - #bugfree upgraded #Privacy #Cryptocurrency Fork of #Monero has maxsupply 88Mln price only 20sat! https://t.co/AJLSTNwbSc,"Volume has slowed significantly over the past two weeks, which is typical of an aggregation stage and could lead to sharpâ€¦",0.5416666666666666,-0.013888888888888886,Negative
2021-04-07 15:46:15,1379822839772061696,"RT @BamSK4: $JASMY Deposit and Trading Contest

ğŸ’¸ 13,300 JASMY giveaway!

ğŸ’° Trading fee 10% off for new user
ğŸ“² Use this link ğŸ‘‰ https://t.coâ€¦",Brave #BRG,@Brave15332763,0,35,28,784,False,2021-01-29 11:12:26,,Eat and enjoy $STC #GenSquad #flurwin #LiT #CryptoAddictFam #silentsquad #ILYAngeLQueeN #SatoshiNakamoto #Tron,"$JASMY Deposit and Trading Contest

ğŸ’¸ 13,300 JASMY giveaway!

ğŸ’° Trading fee 10% off for new user
ğŸ“² Use this link ğŸ‘‰ â€¦",0.45454545454545453,0.13636363636363635,Positive
2021-04-07 15:46:14,1379822836513136640,my crypto friend calls me every day and this is what he sound like https://t.co/lfXRxs4xhx #bitcoin #litecoin #dogecoin,I'm Not Fkn Selling!,@notfknselling,0,0,15,101,False,2021-02-19 23:23:32,,"Old account got suspended,  so I created this one.  Bought my first crypto in 2017. HODLer #ImNotFuckingSelling",my crypto friend calls me every day and this is what he sound like  bitcoin litecoin dogecoin,0.4,0.4,Positive
2021-04-07 15:46:14,1379822835762221060,"RT @latokens: Get a share of 1.5 million WHX cryptocurrency tokens. ğŸ’°
Join the @WHITEX63000231 Airdrop on LATOKEN, complete quick and easyâ€¦",nam,@hoainam60588,0,455,9,285,False,2020-07-23 23:03:52,"HÃ  Ná»™i, Viá»‡t Nam",,"Get a share of 1.5 million WHX cryptocurrency tokens. ğŸ’°
Join the  Airdrop on LATOKEN, complete quick and easyâ€¦",0.45,0.21666666666666667,Positive
2021-04-07 15:46:14,1379822835397369856,"RT @BitzippOfficial: #Bitzipp 

#PreSale with 10% bonus is in progress 

1 BZP = 0.10 USD 

 Register on https://t.co/TIln1NzROf and buy #Bâ€¦",mohammadsuny,@mohammadsuny3,0,5808,10,177,False,2021-01-01 16:16:25,,I am a student and I am a business man,"Bitzipp 

PreSale with 10% bonus is in progress 

1 BZP = 0.10 USD 

 Register on  and buy Bâ€¦",0.0,0.0,Neutral
2021-04-07 15:46:14,1379822834482999296,"RT @latokens: Get a share of 1.5 million WHX cryptocurrency tokens. ğŸ’°
Join the @WHITEX63000231 Airdrop on LATOKEN, complete quick and easyâ€¦",Trips BD #BRG,@BdTrips,0,455,4,88,False,2021-03-31 13:32:54,,,"Get a share of 1.5 million WHX cryptocurrency tokens. ğŸ’°
Join the  Airdrop on LATOKEN, complete quick and easyâ€¦",0.45,0.21666666666666667,Positive
2021-04-07 15:46:14,1379822834227240966,Evolving Technology Challenges The Status Quo https://t.co/S7l6ms1E1p #Blockchain #Cryptocurrency https://t.co/1AQfsY34mT,Deputado Federal Marcus Weintraub 2026,@Tramite,0,0,825,2082,False,2009-05-27 14:06:08,"DivinÃ³polis, Brasil","Aos burros funcionais, deputados nÃ£o sÃ£o aqueles que tem mandatos, mas os que sÃ£o patriotas. Atualmente sem partido,  Aqui Ã© Bolsonaro, sigo patriotas
#Altcoins",Evolving Technology Challenges The Status Quo  Blockchain Cryptocurrency ,0.0,0.0,Neutral
2021-04-07 15:46:13,1379822833149169667,"RT @latokens: Get a share of 1.5 million WHX cryptocurrency tokens. ğŸ’°
Join the @WHITEX63000231 Airdrop on LATOKEN, complete quick and easyâ€¦",aditya verma,@adityaverma1306,0,455,10,82,False,2018-05-12 14:49:56,"Kanpur, India",Truth has few freinds,"Get a share of 1.5 million WHX cryptocurrency tokens. ğŸ’°
Join the  Airdrop on LATOKEN, complete quick and easyâ€¦",0.45,0.21666666666666667,Positive
2021-04-07 15:46:13,1379822831253385218,RT @cryptojustine: Working with a lot of crypto projects here in community with good results! Dm me if your looking for promoter that can hâ€¦,karena pusing jadinya,@purapuragalakah,0,290,529,2450,False,2009-11-08 05:29:51,"hijarah ke exoplanet, sm town","menghabiskan hari dengan ngidol, overthinking, mencoba + thinking. keknya aku mulfan. akun ngidol dan struggling",Working with a lot of crypto projects here in community with good results! Dm me if your looking for promoter that can hâ€¦,0.6000000000000001,0.875,Highly Positive
2021-04-07 15:46:13,1379822829533851650,"RT @lexfridman: I propose a new cryptocurrency: LexCoin. It is infinitely scarce, only zero available ever, but it does exist as a Platonicâ€¦",Frankie Pattelena,@FPattelena,0,95,8,180,False,2020-06-19 21:26:53,,,"I propose a new cryptocurrency: LexCoin. It is infinitely scarce, only zero available ever, but it does exist as a Platonicâ€¦",0.6181818181818182,0.1787878787878788,Positive
2021-04-07 15:46:12,1379822828980105216,"RT @BitzippOfficial: #Bitzipp 

#PreSale with 10% bonus is in progress 

1 BZP = 0.10 USD 

 Register on https://t.co/TIln1NzROf and buy #Bâ€¦",RK MUNNA$MTXLT Astrona,@RKMUNNA17,0,5808,73,904,False,2020-02-02 03:35:22,"Dhaka, Bangladesh",$MTXLT,"Bitzipp 

PreSale with 10% bonus is in progress 

1 BZP = 0.10 USD 

 Register on  and buy Bâ€¦",0.0,0.0,Neutral
2021-04-07 15:46:12,1379822827902095360,RT @cryptojustine: Working with a lot of crypto projects here in community with good results! Dm me if your looking for promoter that can hâ€¦,â€¢ PERKASA â€¢ $kalah pickawğŸˆ,@GarudaPerkasa13,0,290,128,826,False,2021-02-23 12:29:10,PIK 2,"#AP8testi #Sobatgarangan #CBLove
#PickNavaLegit",Working with a lot of crypto projects here in community with good results! Dm me if your looking for promoter that can hâ€¦,0.6000000000000001,0.875,Highly Positive
2021-04-07 15:46:12,1379822826748792837,"RT @gate_io: ğŸ¤— #PET #Giveaway is Now On! @battle_pets

10 lucky users will receive $30 each in #PET 

1ï¸âƒ£Login and Participate
https://t.coâ€¦",U3,@u3online,0,665,0,47,False,2010-05-23 16:59:47,,,"ğŸ¤— PET Giveaway is Now On! 

10 lucky users will receive $30 each in PET 

1ï¸âƒ£Login and Participate
â€¦",0.8333333333333334,0.3333333333333333,Positive
2021-04-07 15:46:12,1379822826736082950,RT @RizkiSkip: @BitzippOfficial This is a project that will be very useful in the future. Because it is supported by a professional team wiâ€¦,Marof Hossen,@HossenMarof,0,1,2,36,False,2021-04-02 08:48:05,,, This is a project that will be very useful in the future. Because it is supported by a professional team wiâ€¦,0.075,0.16333333333333333,Positive
2021-04-07 15:46:11,1379822822051168263,"RT @iamZatoshi: ğŸ”¥ğŸ² Bitcoin SV Giveaway ğŸ²ğŸ”¥

I will give $50 in $BSV to 1 Person in 8 hours. 

Like, Retweet &amp; Follow me.

Tag #BitcoinSV orâ€¦",Kyrtexx,@Kyrtexx,0,1865,64,913,False,2020-08-21 23:10:25,Pakistan,"My name Rajab, 28 years old ,I'm from PakistanğŸ‡µğŸ‡°. 
I Love My Darling I mean my #Parents.
Your time is limited, so don't waste it living someone else's life.","ğŸ”¥ğŸ² Bitcoin SV Giveaway ğŸ²ğŸ”¥

I will give $50 in $BSV to 1 Person in 8 hours. 

Like, Retweet &amp; Follow me.

Tag BitcoinSV orâ€¦",0.0,0.0,Neutral
2021-04-07 15:46:10,1379822820394467328,Evolving Technology Challenges The Status Quo https://t.co/rEBNuYW1S9 #Blockchain #Cryptocurrency https://t.co/tip9nGipvD,SEO Blogger âš“â˜ ï¸ğŸ‡¬ğŸ‡§,@theseoblogger,0,0,2091,3339,False,2009-08-25 00:14:05,"Kirklees, United Kingdon","SEO In Theory And Practice
Join my telegram https://t.co/PdC45Mv8S6",Evolving Technology Challenges The Status Quo  Blockchain Cryptocurrency ,0.0,0.0,Neutral
2021-04-07 15:46:10,1379822817894572033,@provingislam as a techy i think cryptocurrency is the future but not in it's current form which is environmental dâ€¦ https://t.co/Lqr5EnuUbm,Nauman Mustafa,@nauman_mustafa_,0,0,12,55,False,2020-09-13 18:33:12,,Hi-Tech Muslim | Slide into my DM for surprisingly unpopular opinions, as a techy i think cryptocurrency is the future but not in it's current form which is environmental dâ€¦ ,0.2625,0.0,Neutral
2021-04-07 15:46:09,1379822815176650755,"RT @airdropinspect: New Airdrop: Chihuahua Community (HUA)
Reward: 5000000000 HUA ($13)
Rate: â­ï¸â­ï¸â­ï¸â­ï¸
Focus: Distribution starts after airâ€¦",cryptomind,@cryptomind16,0,5400,69,326,False,2021-02-15 13:11:10,ğŸ§­,#airdrops #crypto,"New Airdrop: Chihuahua Community (HUA)
Reward: 5000000000 HUA ($13)
Rate: â­ï¸â­ï¸â­ï¸â­ï¸
Focus: Distribution starts after airâ€¦",0.45454545454545453,0.13636363636363635,Positive
2021-04-07 15:46:09,1379822814732169220,100X YOUR BITCOIN WITH THE BEST TRADING TRICK! HAS RIPPLE CHANGED THE GAME? https://t.co/MhMdPUBDbQ via @YouTube,apollo.one,@undersun_apollo,0,0,21,64,False,2013-10-17 16:16:23,,,100X YOUR BITCOIN WITH THE BEST TRADING TRICK! HAS RIPPLE CHANGED THE GAME?  via ,0.35,0.3,Positive
2021-04-07 15:46:08,1379822809401208836,Evolving Technology Challenges The Status Quo https://t.co/mXUIyJkJAf #Blockchain #Cryptocurrency https://t.co/d2pNMZduyB,EddyLaw,@friendofwealth,0,0,26,99,False,2012-10-14 03:25:11,Barbados/USA,I am a Business Consultant offering just in time solutions to businesses and individuals. Our trusted proven services and products have met our GELS test.,Evolving Technology Challenges The Status Quo  Blockchain Cryptocurrency ,0.0,0.0,Neutral
2021-04-07 15:46:08,1379822809103261697,"RT @Norman48681224: @BitzippOfficial This is a project that will be very useful in the future,because it is supported by a professional teaâ€¦",Marof Hossen,@HossenMarof,0,1,2,36,False,2021-04-02 08:48:05,,," This is a project that will be very useful in the future,because it is supported by a professional teaâ€¦",0.05,0.245,Positive
2021-04-07 15:46:08,1379822808805543941,#480% profit on #NEO/USDT at (https://t.co/tEyZy4oX7C) â€“ Crypto Signals Mobile APP &amp; Crypto BOT copied signals in Aâ€¦ https://t.co/Ua33lzeDSo,#cryptosignals,@CryptTradingbot,0,0,909,972,False,2016-10-18 21:54:31,,"https://t.co/EbtV0ProSF 

#Bitcoin Binance Automated crypto trading software trades automatically in your Account & crypto Trading Signals",480% profit on NEO/USDT at () â€“ Crypto Signals Mobile APP &amp; Crypto BOT copied signals in Aâ€¦ ,0.0,0.0,Neutral
2021-04-07 15:46:07,1379822807966744582,"RT @iamZatoshi: ğŸ”¥ğŸ² Bitcoin SV Giveaway ğŸ²ğŸ”¥

I will give $50 in $BSV to 1 Person in 8 hours. 

Like, Retweet &amp; Follow me.

Tag #BitcoinSV orâ€¦",Carol,@Carolkcy,0,1865,50,1151,False,2010-10-27 03:16:55,"New York, NY",Live Healthier #lovelife  6ï¸âƒ£5ï¸âƒ£ ğŸ¹ $ialgausa,"ğŸ”¥ğŸ² Bitcoin SV Giveaway ğŸ²ğŸ”¥

I will give $50 in $BSV to 1 Person in 8 hours. 

Like, Retweet &amp; Follow me.

Tag BitcoinSV orâ€¦",0.0,0.0,Neutral
2021-04-07 15:46:07,1379822807815704583,RT @BTC_Archive: Hedge fund giant Millennium Management reportedly holds #Bitcoin exposure through the Grayscale Trust - The Street,Danjuma Aaron,@DanjumaAaron1,0,43,17,107,False,2021-03-30 22:00:24,,,Hedge fund giant Millennium Management reportedly holds Bitcoin exposure through the Grayscale Trust - The Street,1.0,0.0,Neutral
2021-04-07 15:46:07,1379822806733451271,"RT @latokens: Get a share of 1.5 million WHX cryptocurrency tokens. ğŸ’°
Join the @WHITEX63000231 Airdrop on LATOKEN, complete quick and easyâ€¦",Akand Shakib #BRG,@AkandShakib,0,455,161,453,False,2021-01-20 11:30:49,,#BRGArmy,"Get a share of 1.5 million WHX cryptocurrency tokens. ğŸ’°
Join the  Airdrop on LATOKEN, complete quick and easyâ€¦",0.45,0.21666666666666667,Positive
2021-04-07 15:46:07,1379822806611935240,"#BITCOIN #btc #bitcoin #Bitcoin #BTC #Btc Bitcoin BITCOIN #bItCoIn. The trend goes to.... drumroll....

#BITCOIN",MANBEARPIG,@LouisIT7,0,0,35,309,False,2011-10-21 02:18:03,Canada,#bitcoin. #crypto to stack more #btc. father. jack of all trades. cant for for this covid $hit to end.,"BITCOIN btc bitcoin Bitcoin BTC Btc Bitcoin BITCOIN bItCoIn. The trend goes to.... drumroll....

BITCOIN",0.0,0.0,Neutral
2021-04-07 15:46:07,1379822805320036353,"RT @latokens: Get a share of 1.5 million WHX cryptocurrency tokens. ğŸ’°
Join the @WHITEX63000231 Airdrop on LATOKEN, complete quick and easyâ€¦",Joydip,@Joydip88089456,0,455,9,91,False,2021-01-26 16:00:14,,,"Get a share of 1.5 million WHX cryptocurrency tokens. ğŸ’°
Join the  Airdrop on LATOKEN, complete quick and easyâ€¦",0.45,0.21666666666666667,Positive
2021-04-07 15:46:07,1379822804413992966,@matt_odell So we want bitcoin to be the new global reserve currency and at the same everyone should hold their ownâ€¦ https://t.co/VBl7A6HCEt,MandoVonBitcoin,@MandoVon,0,0,6,63,False,2021-01-21 18:34:00,,#bitcoin, So we want bitcoin to be the new global reserve currency and at the same everyone should hold their ownâ€¦ ,0.1931818181818182,0.04545454545454545,Positive
2021-04-07 15:46:06,1379822803034193924,"RT @TheTradingTramp: My wild guess from here is:

One more dip to $54k-ish on $BTC and $1,850 on $ETH and then #Ethereum taking off while #â€¦",FederalRosax,@FederalRosax,0,1,43,261,False,2021-03-14 06:47:05,"La Matanza, Buenos Aires","Argentino #bitcoin

$SHR $COTI $REEF $FOR $XLM $LINK $MDT $VIDT","My wild guess from here is:

One more dip to $54k-ish on $BTC and $1,850 on $ETH and then Ethereum taking off while â€¦",0.45,0.3,Positive
2021-04-07 15:46:06,1379822802639933441,"RT @enriquesouza_: It only takes 2 min to send $smart to ur Brazilian bank account. Use @CoinomiWallet, @AtomicWallet, @EdgeWallet, @ellipaâ€¦",Ana Iris,@AnaIrisPe,0,279,415,881,False,2020-11-30 18:25:15,"Miami Beach, FL","Aprendiz de la vida, fotÃ³grafa por momentos, me gusta la pizza ğŸ•ğŸ˜‹ y pasar un buen rato a la orilla de un lago.ğŸ¥°â¤ï¸","It only takes 2 min to send $smart to ur Brazilian bank account. Use , , , â€¦",0.8214285714285714,0.10714285714285714,Positive
2021-04-07 15:46:06,1379822801524293635,@__OOluwatosin ..dip: a term in cryptocurrency which means a coin (cryptocurrency) is falling; when a coin experienâ€¦ https://t.co/jr3w4hVIbK,Û—Û—Û—Û—Û—Û—LuckyGoldğŸ…,@LuckyGoldx,0,0,35114,22569,False,2013-07-20 23:37:19,Here,"ï¼ƒÉ¢á´á´…_Ò“ÉªÊ€sá´› â”‹ Ê™sá´„. á´„á´á´á´˜á´œá´›á´‡Ê€ sá´„Éªá´‡É´á´„á´‡ â”‹ á´…ÉªÉ¢Éªá´›á´€ÊŸ á´á´€Ê€á´‹á´‡á´›á´‡Ê€ â”‹ DM for Ads, Promo, Campaign â”‹ crypto ğŸ¥´.", ..dip: a term in cryptocurrency which means a coin (cryptocurrency) is falling; when a coin experienâ€¦ ,0.0,0.0,Neutral
2021-04-07 15:46:06,1379822800672677896,"RT @BitzippOfficial: #Bitzipp 

#PreSale with 10% bonus is in progress 

1 BZP = 0.10 USD 

 Register on https://t.co/TIln1NzROf and buy #Bâ€¦",NGUYEN BAO,@NGUYENB46305101,0,5808,4,116,False,2021-03-19 18:29:39,"HÃ  Ná»™i, Viá»‡t Nam",,"Bitzipp 

PreSale with 10% bonus is in progress 

1 BZP = 0.10 USD 

 Register on  and buy Bâ€¦",0.0,0.0,Neutral
2021-04-07 15:46:05,1379822799309713412,"RT @latokens: Get a share of 1.5 million WHX cryptocurrency tokens. ğŸ’°
Join the @WHITEX63000231 Airdrop on LATOKEN, complete quick and easyâ€¦",Jonibek,@Jonibek38697449,0,455,2,162,False,2021-02-19 20:18:24,Moscow,,"Get a share of 1.5 million WHX cryptocurrency tokens. ğŸ’°
Join the  Airdrop on LATOKEN, complete quick and easyâ€¦",0.45,0.21666666666666667,Positive
2021-04-07 15:46:05,1379822798978359296,RT @100trillionUSD: #Bitcoin has been stuck around $55K since Feb 19. I guess we need some consolidation around this magical number: weak hâ€¦,1001trending,@1001trending,0,606,1288,3417,False,2015-09-18 22:22:27,,1001Trending keeps you updated with the latest content that's trending on the internet.,Bitcoin has been stuck around $55K since Feb 19. I guess we need some consolidation around this magical number: weak hâ€¦,0.8125,0.0625,Positive
2021-04-07 15:46:05,1379822797711622146,Evolving Technology Challenges The Status Quo https://t.co/A1pXeam4QL #Blockchain #Cryptocurrency https://t.co/ll7mxn6EoN,Melody Christie,@melodychristie,0,0,57,57,False,2010-04-02 06:06:28,Asia - Tropical Paradise,"LinkedIn Profile Development & Optimization, Entrepreneur, Internet Marketer, Website Designer, Desktop Publisher. Love baking, photography & art.",Evolving Technology Challenges The Status Quo  Blockchain Cryptocurrency ,0.0,0.0,Neutral
2021-04-07 15:46:05,1379822797526982659,@launchzoneann @BinanceChain Wow. It appears to be a massive explosion. Our world was conceived by Bigbang. Binanceâ€¦ https://t.co/hLhGmAAGEi,Kelsey,@subicoolz,0,0,512,80,False,2010-11-19 08:42:59,Singapore,"I'm concerned about your financial potential in the future if you don't grab Defi now - The Apes of DeFi
$BNB $BSC $ZD $ZSeed $ZDcash #BSCXHeroes $BSCX #LaunchZ",  Wow. It appears to be a massive explosion. Our world was conceived by Bigbang. Binanceâ€¦ ,1.0,0.05,Positive
2021-04-07 15:46:05,1379822796847640577,"RT @DocumentingBTC: 17,000 Kenyans ğŸ‡°ğŸ‡ª are now regularly trading #bitcoin peer-to-peer on LocalBitcoins.",Mike,@wakm83,0,122,43,358,False,2014-09-13 20:31:24,"Georgia, USA",,"17,000 Kenyans ğŸ‡°ğŸ‡ª are now regularly trading bitcoin peer-to-peer on LocalBitcoins.",0.07692307692307693,0.0,Neutral
2021-04-07 15:46:05,1379822795866038272,RT @TatDinhPhat1: @BitzippOfficial This is a project that will be very useful in the future. Because it is supported by a professional teamâ€¦,Marof Hossen,@HossenMarof,0,1,2,36,False,2021-04-02 08:48:05,,, This is a project that will be very useful in the future. Because it is supported by a professional teamâ€¦,0.075,0.16333333333333333,Positive
2021-04-07 15:46:05,1379822795798966277,@bullcryptonews1 @GuardaWallet Wow it is great that the platform of @GuardaWallet will be having an AMA event. In wâ€¦ https://t.co/QNxl3CPQJW,Ellen Joy Canto(main account is suspended),@ellen_canto9,0,0,30,150,False,2021-03-23 05:34:03,,your girl,  Wow it is great that the platform of  will be having an AMA event. In wâ€¦ ,0.875,0.45,Positive
2021-04-07 15:46:04,1379822794041516032,@TheRomanHodler Not supporting developers is not the same as working against #Bitcoin which is what you were implyiâ€¦ https://t.co/pIPfPfWXsh,Self-Owner,@Ivoteformyself,0,0,60,82,False,2012-05-29 19:53:22,"Utah, USA","Because I donâ€™t have a slave mentality, I only vote for myself for any office and I donâ€™t recognize the authority of those I did not vote for.", Not supporting developers is not the same as working against Bitcoin which is what you were implyiâ€¦ ,0.1875,-0.0625,Negative
2021-04-07 15:46:04,1379822793970176002,"RT @latokens: Get a share of 1.5 million WHX cryptocurrency tokens. ğŸ’°
Join the @WHITEX63000231 Airdrop on LATOKEN, complete quick and easyâ€¦",Md jahid Hasan,@Mdjahid15981381,0,455,2,41,False,2021-02-12 17:28:32,,,"Get a share of 1.5 million WHX cryptocurrency tokens. ğŸ’°
Join the  Airdrop on LATOKEN, complete quick and easyâ€¦",0.45,0.21666666666666667,Positive
2021-04-07 15:46:04,1379822793190088707,RT @flurtft: ğŸ”¥ $100 to someone who retweets this and follows @phoenixdefi in 24 hours ğŸ”¥ #giveaway #Bitcoin #Ethereum #BNB #TRX #money #Rippâ€¦,win,@thewidys,0,1358,206,574,False,2010-12-28 13:54:15,TAYNEW,was @riegotaynew but got s-worded. #btc 1DB4YmRPT6j4PQMsWwiJph72Zn11pqGqbe #AP8testi #silentsquad $STC https://t.co/u0UfnEcscW,ğŸ”¥ $100 to someone who retweets this and follows  in 24 hours ğŸ”¥ giveaway Bitcoin Ethereum BNB TRX money Rippâ€¦,0.0,0.0,Neutral
2021-04-07 15:46:03,1379822790577037312,"RT @SwingbyProtocol: ğŸš€ $1,000 #SWINGBY #GIVEAWAY ğŸš€

Last week we launched the first-ever trustless Bitcoin to #BSC bridge. Let's celebrate!â€¦",Whitney Lane,@Whitney56253185,0,3706,1,26,False,2021-01-03 06:33:29,,,"ğŸš€ $1,000 SWINGBY GIVEAWAY ğŸš€

Last week we launched the first-ever trustless Bitcoin to BSC bridge. Let's celebrate!â€¦",0.06666666666666667,0.0,Neutral
2021-04-07 15:46:03,1379822789067177984,RT @Cash2BTC: @BitcoinMemeHub Do nothing for #bitcoin? They secure 11pct of all bitcoin and onboard almost half of all users https://t.co/râ€¦,Profitable Day Traders (Team),@maxm_profit,0,1,907,7,False,2020-08-06 19:01:00,New Delhi,Learn and grow your account balance, Do nothing for bitcoin? They secure 11pct of all bitcoin and onboard almost half of all users â€¦,0.3833333333333333,0.11666666666666668,Positive
2021-04-07 15:46:03,1379822788022661130,"RT @latokens: Get a share of 1.5 million WHX cryptocurrency tokens. ğŸ’°
Join the @WHITEX63000231 Airdrop on LATOKEN, complete quick and easyâ€¦",zxzahid42,@zxzahid42,0,455,169,335,False,2020-05-06 14:44:19,"Dhaka, Bangladesh",Boy For You,"Get a share of 1.5 million WHX cryptocurrency tokens. ğŸ’°
Join the  Airdrop on LATOKEN, complete quick and easyâ€¦",0.45,0.21666666666666667,Positive
2021-04-07 15:46:03,1379822787896995844,Evolving Technology Challenges The Status Quo https://t.co/thNF3P2Bj6 #Blockchain #Cryptocurrency https://t.co/R8AcwOVjAw,Tim Moseley,@DivSixReach,0,0,974,2012,False,2018-03-25 17:50:59,United States,"#List Builder, #Crypto enthusiast.  #JV recruiter.  Building a list of JVs (affiliates) interested in build an army of JVs earning me 50% commissions from each!",Evolving Technology Challenges The Status Quo  Blockchain Cryptocurrency ,0.0,0.0,Neutral
2021-04-07 15:46:02,1379822785636093955,RT @gaiatoken: #Gaia Airdrop is LIVE Participate and receieve $200 worth of Gaia Token for joining and $4 per friend you refer follow the #â€¦,Lolah raga,@RagaCoy1,0,4996,0,33,False,2018-03-31 04:17:56,,,Gaia Airdrop is LIVE Participate and receieve $200 worth of Gaia Token for joining and $4 per friend you refer follow the â€¦,0.3,0.21818181818181817,Positive
2021-04-07 15:46:02,1379822783836872709,"RT @ashwsbreal: Long term investing isnâ€™t thrilling..
you donâ€™t get to show off daily profits...but it works.

It works damn well. #Bitcoin",Blank,@lbanano1,0,202,94,3426,False,2013-08-03 03:56:40,,"Never give up! |
6ï¸âƒ£5ï¸âƒ£ğŸ¹ | #flurwin | #ap8testi | #NatGang","Long term investing isnâ€™t thrilling..
you donâ€™t get to show off daily profits...but it works.

It works damn well. Bitcoin",0.4666666666666666,0.06666666666666667,Positive
2021-04-07 15:46:01,1379822781093699584,"RT @BitzippOfficial: #Bitzipp 

#PreSale with 10% bonus is in progress 

1 BZP = 0.10 USD 

 Register on https://t.co/TIln1NzROf and buy #Bâ€¦",Tokekanisa,@tokekanisa,0,5808,40,861,False,2019-11-28 06:14:59,,Follow yaa,"Bitzipp 

PreSale with 10% bonus is in progress 

1 BZP = 0.10 USD 

 Register on  and buy Bâ€¦",0.0,0.0,Neutral
2021-04-07 15:46:01,1379822780863062019,"RT @Sweepsgg: Iâ€™m giving $250 to one lucky follower that retweets this within the next 48 hours. #Bitcoin  

To enter:
- Follow @CodyAlt

Dâ€¦",Arfah,@ArfahNevaDiana,0,6033,36,289,False,2021-04-01 06:41:08,,"second akun @.arfahneva..
suspend account","Iâ€™m giving $250 to one lucky follower that retweets this within the next 48 hours. Bitcoin  

To enter:
- Follow 

Dâ€¦",0.4166666666666667,0.16666666666666666,Positive
2021-04-07 15:46:01,1379822779000758272,RT @TranKienHuy3: @BitzippOfficial This is a project that will be very useful in the future. Because it is supported by a professional teamâ€¦,Marof Hossen,@HossenMarof,0,2,2,36,False,2021-04-02 08:48:05,,, This is a project that will be very useful in the future. Because it is supported by a professional teamâ€¦,0.075,0.16333333333333333,Positive
2021-04-07 15:46:00,1379822778824728580,@POTUS I never thought of meeting a legit bitcoin trader after been scammed many times at my age but the heavens seâ€¦ https://t.co/C48MwO3s5v,Lisa Perkins,@LisaPer01468403,0,0,94,399,False,2021-02-24 23:23:11,,, I never thought of meeting a legit bitcoin trader after been scammed many times at my age but the heavens seâ€¦ ,0.5,0.5,Highly Positive
2021-04-07 15:46:00,1379822777461571588,"RT @latokens: Get a share of 1.5 million WHX cryptocurrency tokens. ğŸ’°
Join the @WHITEX63000231 Airdrop on LATOKEN, complete quick and easyâ€¦",Prince Dipo,@realdipo,0,455,485,1394,False,2012-07-29 09:02:51,Pretoria,"Am Prince! Cute, strong, sensitive, romantic, affectionate Business Consultant..","Get a share of 1.5 million WHX cryptocurrency tokens. ğŸ’°
Join the  Airdrop on LATOKEN, complete quick and easyâ€¦",0.45,0.21666666666666667,Positive
2021-04-07 15:46:00,1379822776094179334,"RT @hafaellart: And here is the #2 of 10 of the ""Machine Learning V2"" Collection @opensea! #nft #opensea https://t.co/hO6W5v5SgT 
#NFTs #nfâ€¦",Hafaell,@hafaellart,0,5,50,261,False,2021-04-04 16:30:41,Rio de Janeiro - Brazil,"Brazilian freelance illustrator.
#NFT Artist | https://t.co/xpRh8DCLxr
https://t.co/ZxUgYlz23u","And here is the 2 of 10 of the ""Machine Learning V2"" Collection ! nft opensea  
NFTs nfâ€¦",0.0,0.0,Neutral
2021-04-07 15:46:00,1379822775599132672,RT @ROMARIOHODL: Iâ€™m getting 2017 flashbacks. Someone is manipulatively dumping bitcoin to keep it below 60k for as long as they need to acâ€¦,KryptoNightlite,@KryptoNightlite,0,115,18,224,False,2021-03-19 02:57:15,The Moon?,A barrel of monkeys once tossed me a penny.,Iâ€™m getting 2017 flashbacks. Someone is manipulatively dumping bitcoin to keep it below 60k for as long as they need to acâ€¦,0.4,-0.05,Negative
2021-04-07 15:46:00,1379822774970150912,"RT @enriquesouza_: Motivation is different from discipline. 

Focus on discipline, and then you will accomplish your goals despite your reaâ€¦",Matheus dos Matheus,@Matheusbroglio,0,198,2548,2245,False,2013-04-29 14:35:02,,"I'm playing Axie Infinity.
A proud son of Satoshi Nakamoto and grandchild of @voepater .","Motivation is different from discipline. 

Focus on discipline, and then you will accomplish your goals despite your reaâ€¦",0.6,0.0,Neutral
2021-04-07 15:45:59,1379822773896421382,@ManScotian @btcbraj @wklycom @GerberKawasaki Lightning network already uses mili-satoshis as the underlying unit.â€¦ https://t.co/m9qVqQ6BHB,Glenn Hodl,@glennhodl,0,0,1172,506,False,2016-06-04 17:17:38,N17 0AP,"A niche pun.

Stacking sats.

Buying a few calls. Buying a few miners. $arb, $riot.

Some amateurish charting.

Never lifted the FA Cup.

#bitcoin",    Lightning network already uses mili-satoshis as the underlying unit.â€¦ ,0.0,0.0,Neutral
2021-04-07 15:45:59,1379822773166428160,"RT @bitxmicrypto: Great News from tomorrow 5th April Bitxmi Earn while trade Promo will start!!

All traders can earn 0.05% in Bxmi on allâ€¦",kiyot,@kiyotietae,0,1662,502,2521,False,2020-06-17 23:46:48,,"mostly bucin bucin bucin

#AP8testi","Great News from tomorrow 5th April Bitxmi Earn while trade Promo will start!!

All traders can earn 0.05% in Bxmi on allâ€¦",0.75,1.0,Highly Positive
2021-04-07 15:45:59,1379822772927430660,RT @cryptojustine: Working with a lot of crypto projects here in community with good results! Dm me if your looking for promoter that can hâ€¦,Indonesia Raya,@Tanah_air_q,0,291,3783,4871,False,2018-10-20 19:27:27,,"Capek akun gonta ganti mulu
kena cekal burung biru",Working with a lot of crypto projects here in community with good results! Dm me if your looking for promoter that can hâ€¦,0.6000000000000001,0.875,Highly Positive
2021-04-07 15:45:59,1379822771656658957,RT @Dogecoinrich: Right now Millenials are #Dogecoins number 1 investors. Most Millenials have young children and when they grow up and wanâ€¦,cryptojewls,@cryptojewls,0,15,411,1080,False,2009-07-05 22:36:21,Estados Unidos,"Yahshua loves #underdoges. #bitcoin #doge ğŸ¶ğŸš€ #holochain ğŸ˜‡ğŸ’#btt
I love #dogedrifts ğŸï¸ğŸ’ 
Yahshua is KingğŸ‘‘ğŸğŸï¸ğŸ•â¤ï¸ğŸ’¯ğŸ’‹


New adition #safemoon ğŸ",Right now Millenials are Dogecoins number 1 investors. Most Millenials have young children and when they grow up and wanâ€¦,0.4785714285714285,0.29523809523809524,Positive
2021-04-07 15:45:58,1379822770029142026,"China alone controls 65% of #Bitcoin global hashrate , the measurement of how much computing power goes toward miniâ€¦ https://t.co/33zQJXmYF5",Srinivasan G,@srinicaps,0,0,550,125,False,2020-04-09 16:51:03,"Mumbai, India",~Capital Risk Management ~Investment Decision ~Asset Allocation  ~Investment & Quality Analysis ~Due Diligence ~My Tweets are not recommendation for Buy/ Sell,"China alone controls 65% of Bitcoin global hashrate , the measurement of how much computing power goes toward miniâ€¦ ",0.1,0.1,Positive
2021-04-07 15:45:58,1379822768699572226,"RT @JEhrenhofer: ""MobileCoin is a censored, Monero wannabe, premined cash-grab from Signal"" #MobileCoin #MOB $MOB @sethisimmons 

https://tâ€¦",James,@James_604,0,12,71,330,False,2017-06-28 13:50:36,Earth ,"Entrepreneur, crypto nerd. #monero - slow and steady wins the race.","""MobileCoin is a censored, Monero wannabe, premined cash-grab from Signal"" MobileCoin MOB $MOB  

â€¦",0.0,0.0,Neutral
2021-04-07 15:45:58,1379822768666054660,RT @jimmysong: I am starting my Programming Blockchain seminar again! This is an interactive 2-day course for programmers to learn Bitcoinâ€¦,Ken Liu,@kyliu99,0,7,30534,225,True,2007-06-19 01:34:30,Boston,"SFF author, speaker, lawyer, programmer;  Hugo, Nebula, World Fantasy; rep by Russ Galen; Grace of Kings & â€œThe Paper Menagerieâ€; THE VEILED THRONE fall 2021.",I am starting my Programming Blockchain seminar again! This is an interactive 2-day course for programmers to learn Bitcoinâ€¦,0.1,0.0,Neutral
2021-04-07 15:45:58,1379822767181197312,RT @flurtft: ğŸ¤ $300 to someone who retweets this and follows @RickcryptoRick in 4 days ğŸ¤ #giveaway #Bitcoin #Ethereum #BNB $POODL,Josh Angelo G. Monte,@JoshAngeloGMon1,0,2334,13,1262,False,2021-02-02 09:22:43,,#NatGang,ğŸ¤ $300 to someone who retweets this and follows  in 4 days ğŸ¤ giveaway Bitcoin Ethereum BNB $POODL,0.0,0.0,Neutral
2021-04-07 15:45:58,1379822767143411718,RT @cryptojustine: Working with a lot of crypto projects here in community with good results! Dm me if your looking for promoter that can hâ€¦,BasBasğŸš€ğŸš€,@ArifinNKRI_,0,291,1455,2106,False,2014-04-02 14:05:11,"Yogyakarta, Indonesia","#Crypto #SweepsWinner #IwonHanabi #NatGang #Bitcoin #ETH  #GiveawaySquad #LegitFam  #SofiaLegit #LiT #CBLoveâ¤
#LegitCutieBabeGem  ë‚œ ë‹¹ì‹ ì´ ê·¸ë¦¬ì›Œìš”   #BainesyGives",Working with a lot of crypto projects here in community with good results! Dm me if your looking for promoter that can hâ€¦,0.6000000000000001,0.875,Highly Positive
2021-04-07 15:45:57,1379822765952229377,"RT @girevik_: Myth: governments will ban Bitcoin 

Reality:",Gee142,@luvinwords,0,43,3146,3523,False,2014-01-13 05:49:41,,#Bitcoin,"Myth: governments will ban Bitcoin 

Reality:",0.0,0.0,Neutral
2021-04-07 15:45:57,1379822762672316421,"RT @latokens: Get a share of 1.5 million WHX cryptocurrency tokens. ğŸ’°
Join the @WHITEX63000231 Airdrop on LATOKEN, complete quick and easyâ€¦",Sojib14,@Kajol365,0,456,18,162,False,2019-11-07 16:56:40,,"People Hate Meâ˜…
But I Love People
This Is My Reality","Get a share of 1.5 million WHX cryptocurrency tokens. ğŸ’°
Join the  Airdrop on LATOKEN, complete quick and easyâ€¦",0.45,0.21666666666666667,Positive
2021-04-07 15:45:57,1379822762441719811,"RT @gal_suburban: @myrubypearl @clearing_fog @arapaho415 @ItIsIMack @YDanasmithdutra @carrybeyond
Bitcoin 
White Nationalists
Chuck Johnsonâ€¦",Karma,@CKarmah,0,1,136,1600,False,2010-12-09 06:45:24,,,"     
Bitcoin 
White Nationalists
Chuck Johnsonâ€¦",0.0,0.0,Neutral
2021-04-07 15:45:56,1379822761355272201,"RT @BitzippOfficial: #Bitzipp 

#PreSale with 10% bonus is in progress 

1 BZP = 0.10 USD 

 Register on https://t.co/TIln1NzROf and buy #Bâ€¦",Tanzir Biswas,@BiswasTanzir,0,5808,3,37,False,2021-03-10 06:59:32,,Error,"Bitzipp 

PreSale with 10% bonus is in progress 

1 BZP = 0.10 USD 

 Register on  and buy Bâ€¦",0.0,0.0,Neutral
2021-04-07 15:45:56,1379822758159339532,"RT @latokens: Get a share of 1.5 million WHX cryptocurrency tokens. ğŸ’°
Join the @WHITEX63000231 Airdrop on LATOKEN, complete quick and easyâ€¦",Alexander Nikitin,@Alexand47383354,0,456,27,332,False,2019-12-24 04:30:03,,,"Get a share of 1.5 million WHX cryptocurrency tokens. ğŸ’°
Join the  Airdrop on LATOKEN, complete quick and easyâ€¦",0.45,0.21666666666666667,Positive
2021-04-07 15:45:55,1379822756523483137,"RT @TheRyusui: @besf0rt I mean we have near-identical expensive housing used primarily for speculation, like Bitcoin that takes physical laâ€¦",ğŸAmoni the Sabertooth TiggyğŸ¶ğŸ’£â¤,@Natemare117,0,1,138,536,False,2012-04-16 03:54:44,BC,ğŸ Furry|He/Him They/Them|LGBTTQQIAAP+|Bi|Feminist|Table-top and gaming nerd|CapU Student|ğŸ’™ğŸ’™ğŸ’™|BEWARE my content can be NSFW. 18+ ğŸ”," I mean we have near-identical expensive housing used primarily for speculation, like Bitcoin that takes physical laâ€¦",0.5075892857142857,-0.103125,Negative
2021-04-07 15:45:54,1379822752194912262,RT @flurtft: ğŸ’¯ $60 to someone who retweets this and follows @CubiexEsports - a #Binance Smart Chain based streaming platform with an upcomiâ€¦,win,@thewidys,0,807,206,574,False,2010-12-28 13:54:15,TAYNEW,was @riegotaynew but got s-worded. #btc 1DB4YmRPT6j4PQMsWwiJph72Zn11pqGqbe #AP8testi #silentsquad $STC https://t.co/u0UfnEcscW,ğŸ’¯ $60 to someone who retweets this and follows  - a Binance Smart Chain based streaming platform with an upcomiâ€¦,0.6428571428571429,0.21428571428571427,Positive
2021-04-07 15:45:54,1379822752165634053,"RT @bitxmicrypto: Great News from tomorrow 5th April Bitxmi Earn while trade Promo will start!!

All traders can earn 0.05% in Bxmi on allâ€¦",separo intel_separo preman,@Pra6769,0,1662,6004,6000,False,2020-03-19 15:00:02,"Tanjung Priok, Indonesia","Researcher // University of
#AP8testi","Great News from tomorrow 5th April Bitxmi Earn while trade Promo will start!!

All traders can earn 0.05% in Bxmi on allâ€¦",0.75,1.0,Highly Positive
2021-04-07 15:45:54,1379822751788187649,"80,000 #Bitcoin outflow yesterday from all exchanges, worth almost $5 billion was reported by @cryptoquant_com 

Thâ€¦ https://t.co/iX6qtAKrBe",HowOptions,@HowOptions,1,0,231,72,False,2017-07-28 16:23:58,,"Options analysis on silver, gold, oil, bitcoin, ethereum.

Disclaimer: My tweets & info in them are not a financial advice.","80,000 Bitcoin outflow yesterday from all exchanges, worth almost $5 billion was reported by  

Thâ€¦ ",0.1,0.3,Positive
2021-04-07 15:45:54,1379822751733714948,"RT @BTC_Archive: $695m #Bitcoin was just moved to cold storage using the Coinbase protocol. 

Another 12,000 #BTC taken off the market. ğŸ³ğŸ³ğŸ³",Miklos Weber,@WeberMiklos,0,316,168,485,False,2020-10-29 21:44:56,"Ostrava, Czech",,"$695m Bitcoin was just moved to cold storage using the Coinbase protocol. 

Another 12,000 BTC taken off the market. ğŸ³ğŸ³ğŸ³",1.0,-0.6,Highly Negative
2021-04-07 15:45:54,1379822751318470656,"RT @CryptoHornHairs: $BTC has now been consolidating in an ascending structure (higher lows) for nearly 2 months.

When this breaks above $â€¦",Adriel Garcia,@Adriel_Garcia,0,55,552,1034,False,2010-03-09 20:34:56,,â–ªï¸Pro International Dance Instructor & Performerâ–ªï¸Tax Associate â–ªï¸Blue is my color,"$BTC has now been consolidating in an ascending structure (higher lows) for nearly 2 months.

When this breaks above $â€¦",0.3333333333333333,0.11666666666666665,Positive
2021-04-07 15:45:54,1379822750534017031,@RoyalGambitTV Bitcoin pumped over 2000% in 2017. You act like itâ€™s gone straight up during this time too. We e alrâ€¦ https://t.co/fR5JIrGdWN,Kyle Haaby,@HaabyKyle,0,0,2,29,False,2021-03-20 01:11:19,,Go Ducks!, Bitcoin pumped over 2000% in 2017. You act like itâ€™s gone straight up during this time too. We e alrâ€¦ ,0.4,0.2,Positive
2021-04-07 15:45:54,1379822749808533511,RT @100trillionUSD: #Bitcoin has been stuck around $55K since Feb 19. I guess we need some consolidation around this magical number: weak hâ€¦,Hieu Ta,@HieuTa1108,0,606,116,494,False,2017-10-27 00:31:17,"Manchester, NH",,Bitcoin has been stuck around $55K since Feb 19. I guess we need some consolidation around this magical number: weak hâ€¦,0.8125,0.0625,Positive
2021-04-07 15:45:53,1379822748827070467,"@Verituselm @BTC_Archive ~12K #BTC @coinbasepro, but mostly internal to exchanges: @binance @Bitstamp @xapo etc 

Tâ€¦ https://t.co/5XgVvyizc2",This is Bullish,@thisisbullish,0,0,9394,153,False,2020-07-12 10:04:53,The Moon,,"  ~12K BTC , but mostly internal to exchanges:    etc 

Tâ€¦ ",0.0,0.0,Neutral
2021-04-07 15:45:53,1379822747388366852,RT @SotRos25: Are you ready? Major release for @safenetworktech incoming from @maidsafe! $MAID #cryptocurrency https://t.co/4YsTjWPZBe,Safepress: decentralising & democratising,@safepress,0,2,2055,326,False,2015-07-20 19:39:47,mastodon.technology/happybeing,Most tweets are now cross-posted from Mastodon: https://t.co/QudJrp7J0k a federated non-corporate community based network. Find me there!,Are you ready? Major release for  incoming from ! $MAID cryptocurrency ,0.5,0.1390625,Positive
2021-04-07 15:45:52,1379822743168901120,"@StockMarketNerd @coinbase 1. Security 
.
.
.
.
.
2. Price
3. Features

I touch on this in a recent article. 

https://t.co/atfO8hdbQ1",Fink,@datageneralist,0,0,439,1493,False,2011-09-12 03:06:21,Cloud,''The Data Generalist'' | Thoughts on data analytics and investing. | Data Analytics Career Advisor| Make learning a constant in your life.,"  1. Security 
.
.
.
.
.
2. Price
3. Features

I touch on this in a recent article. 

",0.25,0.0,Neutral
2021-04-07 15:45:51,1379822738043363329,"RT @latokens: Get a share of 1.5 million WHX cryptocurrency tokens. ğŸ’°
Join the @WHITEX63000231 Airdrop on LATOKEN, complete quick and easyâ€¦",taiba,@taiba12847706,0,458,5,303,False,2021-02-19 03:46:13,,,"Get a share of 1.5 million WHX cryptocurrency tokens. ğŸ’°
Join the  Airdrop on LATOKEN, complete quick and easyâ€¦",0.45,0.21666666666666667,Positive
2021-04-07 15:45:51,1379822737657622536,RT @secure_perry: .@riskybusiness is easily one of my favorite recurring podcasts on #cybersecurity news. Recommend 'Chasing Crooks Throughâ€¦,Linda McGrath,@Linda_Mc_Grath,0,2,151,164,False,2015-01-14 09:54:22,"Cork, Ireland",z/OS Services Account Manager (UK/I) at BMC Mainframe Services by RSM Partners #mainframe,. is easily one of my favorite recurring podcasts on cybersecurity news. Recommend 'Chasing Crooks Throughâ€¦,0.9166666666666667,0.4666666666666667,Positive
2021-04-07 15:45:50,1379822736839602177,Goodnight! Hopefully i wake up tmr and #bitcoin is a million dollars.ğŸš€,Corn Farmers & Co ğŸŒ½ğŸŒ½ğŸŒ½,@cornfarmer666,1,0,1399,95,False,2021-04-03 04:49:49,,Your Official crypto guide. Get on top of your trades with daily crypto technical analysis. #Bitcoin #Ethereum #Cryptocurrencies #Altcoins #DeFi #NFT,Goodnight! Hopefully i wake up tmr and bitcoin is a million dollars.ğŸš€,0.0,0.0,Neutral
2021-04-07 15:45:50,1379822734763495425,"#FIL/#USDT looks good for #scalping.

Detailed signals in our VIP tlgrm channel.

3 days #FREE trial is available fâ€¦ https://t.co/T5ECFi2rtG",@cryptoCenter,@scalperSignals,0,0,646,36,False,2018-04-30 05:52:02,,"Trading signals provider, account manager.

You can access to full detailed signals via VIP channel. Pls contact the admin of tlgrm channel.","FIL/USDT looks good for scalping.

Detailed signals in our VIP tlgrm channel.

3 days FREE trial is available fâ€¦ ",0.6375000000000001,0.475,Positive
2021-04-07 15:45:49,1379822731923968010,Lets push #safestar together! Like @safemoon ğŸš€ğŸš€ğŸš€ ğŸŒŸ @SafeStar_ #cryptocurrency #Trending https://t.co/ErfD4ydyDC,eray,@AmsternoordEray,1,0,1,11,False,2021-01-14 22:34:54,"Amsterdam, Nederland",Cryptotrader,Lets push safestar together! Like  ğŸš€ğŸš€ğŸš€ ğŸŒŸ  cryptocurrency Trending ,0.0,0.0,Neutral
2021-04-07 15:45:49,1379822731781279747,RT @ashwsbreal: Just found #Bitcoin in my old Binance account. This is one of my HODL account from 2019 https://t.co/THFIku1Qap,ako naman,@lucky7kwi,0,216,58,1979,False,2021-02-20 10:15:34,ğŸ‡µğŸ‡­,"6ï¸âƒ£5ï¸âƒ£ğŸ¹
#silenthodler â€¢ #silentsquad â€¢ #flurwin â€¢ #LegitCutieBabeGem â€¢ #ap8testi â€¢ #NatGang â€¢ #C1NK â€¢ #JustineWinnersğŸ­
https://t.co/CkzcnEFsX9",Just found Bitcoin in my old Binance account. This is one of my HODL account from 2019 ,0.2,0.1,Positive
2021-04-07 15:45:49,1379822731517177861,RT @theRealKiyosaki: China announcing government crypto today is good news for Bitcoin. Would rather have Bitcoin than government fake survâ€¦,Mike,@wakm83,0,886,43,358,False,2014-09-13 20:31:24,"Georgia, USA",,China announcing government crypto today is good news for Bitcoin. Would rather have Bitcoin than government fake survâ€¦,0.8,0.09999999999999998,Positive
2021-04-07 15:45:49,1379822730418130947,"@launchzoneann @Xpoolofficial @MXC_Exchange When $ BSCX is listed on #MXC, its price will skyrocket because #MXC isâ€¦ https://t.co/JketNfOkzB",Andrea Espinoza,@andi_carameloza,1,0,706,82,False,2010-04-14 21:24:21,"New York, USA","#BSCXHeroes $BNB $BSCX $zSEED $TOOLS $ZD $ZDCASH
The trend-setters will rule the world, and cryptocurrencies are one of them.","   When $ BSCX is listed on MXC, its price will skyrocket because MXC isâ€¦ ",0.0,0.0,Neutral
2021-04-07 15:45:49,1379822729356996608,"RT @latokens: Get a share of 1.5 million WHX cryptocurrency tokens. ğŸ’°
Join the @WHITEX63000231 Airdrop on LATOKEN, complete quick and easyâ€¦",Joy Khan,@JoyKhan74972372,0,458,4,96,False,2021-03-20 08:02:57,,,"Get a share of 1.5 million WHX cryptocurrency tokens. ğŸ’°
Join the  Airdrop on LATOKEN, complete quick and easyâ€¦",0.45,0.21666666666666667,Positive
2021-04-07 15:45:48,1379822727884849153,XRP Surpassed the $1 Mark After Token Doubled Value in Just Seven Days https://t.co/zrR0R8qNAP,Bizgram Asia Pte Ltd,@bizgram,0,0,2737,1554,False,2009-08-09 06:24:56,#05-50 Sim Lim Square,Singapore Retailer Wholesaler Export Import of Computer Hardware & Accessories. See our web link for our Online Store!,XRP Surpassed the $1 Mark After Token Doubled Value in Just Seven Days ,0.0,0.0,Neutral
2021-04-07 15:45:48,1379822727394103299,XRP Surpassed the $1 Mark After Token Doubled Value in Just Seven Days https://t.co/V8zC9XbHgn,Diamante Media,@media_diamante,0,0,1391,105,False,2019-04-02 19:00:44,,Diamante Media is a media site which provides information about Blockchain and Diamond industry.,XRP Surpassed the $1 Mark After Token Doubled Value in Just Seven Days ,0.0,0.0,Neutral
2021-04-07 15:45:48,1379822727385772043,"RT @THEXRPBULLY: 3 years ago I was broke.... I STILL live like I'm broke. Your life can change, you just have to have the foresight. 
#XRPâ€¦",WG Drosos,@WGDrosos,0,8,228,1709,False,2012-11-25 05:11:22,"Cleveland, Ohio",Designer & Digital Asset Enthusiast,"3 years ago I was broke.... I STILL live like I'm broke. Your life can change, you just have to have the foresight. 
XRPâ€¦",0.5,0.13636363636363635,Positive
2021-04-07 15:45:48,1379822726920118277,"@bdamcoin What a great project, this project is very good and this projector has a lot of attractions, so hopefullyâ€¦ https://t.co/oyXfhlK43m",Defa Fitri,@DefaFitri,0,0,50,183,False,2021-03-25 07:50:19,,daily swap," What a great project, this project is very good and this projector has a lot of attractions, so hopefullyâ€¦ ",0.7650000000000001,0.855,Highly Positive
2021-04-07 15:45:48,1379822726773317635,"RT @BitzippOfficial: #Bitzipp 

#PreSale with 10% bonus is in progress 

1 BZP = 0.10 USD 

 Register on https://t.co/TIln1NzROf and buy #Bâ€¦",Edwin Liba,@edwinliba1,0,5808,5,210,False,2019-08-27 10:47:05,,Cryptocurency,"Bitzipp 

PreSale with 10% bonus is in progress 

1 BZP = 0.10 USD 

 Register on  and buy Bâ€¦",0.0,0.0,Neutral
2021-04-07 15:45:48,1379822724437041156,"RT @jchatterleyCNN: #Bitcoin bulls beware! 

""When we get a risk-off moment, we could be seeing $BTC pullback to $20-30k. But I think for lâ€¦",Invariant Perspective,@InvariantPersp1,0,5,3010,4999,False,2019-03-24 02:27:12,,What are the inviolable constraints on the Global Financial Markets and the Global Economy?,"Bitcoin bulls beware! 

""When we get a risk-off moment, we could be seeing $BTC pullback to $20-30k. But I think for lâ€¦",0.0,0.0,Neutral
2021-04-07 15:45:47,1379822722704797697,"RT @latokens: Get a share of 1.5 million WHX cryptocurrency tokens. ğŸ’°
Join the @WHITEX63000231 Airdrop on LATOKEN, complete quick and easyâ€¦",á´€á´…á´ á´‡Ê€sá´›sá´‡Ê€,@adverstiser,0,458,44,79,False,2021-01-24 09:18:12,,"Sponsor giveaway to grow (low fee) Crypto
promoter G}Community Manager #BTC
#BN","Get a share of 1.5 million WHX cryptocurrency tokens. ğŸ’°
Join the  Airdrop on LATOKEN, complete quick and easyâ€¦",0.45,0.21666666666666667,Positive
2021-04-07 15:45:47,1379822722491023368,"RT @BitcoinSampo: If you have trouble sleeping, maybe you're a shitcoiner in disguise?

#Bitcoin only. https://t.co/BYTiENUEh3",HODL never SODLâš¡ï¸ğŸš€,@HODLneverSODL,0,2,1078,660,False,2020-08-12 10:31:54,"Moon, always da Moon","#Bitcoin pleb, HODLer of last resort, and unlicensed node operator. IFB, I always follow back Bitcoin ONLY, no Shitcoiners, no NoCoiners #BTC - Orange coin good","If you have trouble sleeping, maybe you're a shitcoiner in disguise?

Bitcoin only. ",0.6,-0.1,Negative
2021-04-07 15:45:47,1379822721614409728,"RT @jchatterleyCNN: #Bitcoin bulls beware! 

""When we get a risk-off moment, we could be seeing $BTC pullback to $20-30k. But I think for lâ€¦",ğŸš€ğŸš€ Duane ğŸš€ğŸš€,@Duane_XRP,0,5,1051,699,False,2018-03-05 07:59:28,South Africa,"God is in control ğŸ™
Blessed-
Married-
Goliath_hilux on Instagram 
Full time XRP Investor-
Moon soon ğŸš€","Bitcoin bulls beware! 

""When we get a risk-off moment, we could be seeing $BTC pullback to $20-30k. But I think for lâ€¦",0.0,0.0,Neutral
2021-04-07 15:45:47,1379822721421443074,"RT @BTC_Archive: #Bitcoin is just getting started. 

See for yourself ğŸ‘‡ ğŸš€ https://t.co/lmPLe5k220",Majika ğŸ´ó §ó ¢ó ·ó ¬ó ³ó ¿,@Crypt0Trader,0,421,670,632,False,2012-07-18 22:14:38,Wales,#Bitcoin #Altcoin Miner #NFTs âœ¨Swing Traderâœ¨#Fractals #Ichimuku #Breakoutâœ¨#Dev âœ¨Latest $BTC #NFTs #altcoin #blockchain Newsâœ¨(DYOR) - no financial advice,"Bitcoin is just getting started. 

See for yourself ğŸ‘‡ ğŸš€ ",0.0,0.0,Neutral
2021-04-07 15:45:46,1379822719504506888,"RT @latokens: Get a share of 1.5 million WHX cryptocurrency tokens. ğŸ’°
Join the @WHITEX63000231 Airdrop on LATOKEN, complete quick and easyâ€¦",Niloy,@Niloy15700191,0,458,36,183,False,2020-06-21 12:40:37,,Yes,"Get a share of 1.5 million WHX cryptocurrency tokens. ğŸ’°
Join the  Airdrop on LATOKEN, complete quick and easyâ€¦",0.45,0.21666666666666667,Positive
2021-04-07 15:45:46,1379822719416422402,"RT @ashwsbreal: Long term investing isnâ€™t thrilling..
you donâ€™t get to show off daily profits...but it works.

It works damn well. #Bitcoin",ako naman,@lucky7kwi,0,202,58,1979,False,2021-02-20 10:15:34,ğŸ‡µğŸ‡­,"6ï¸âƒ£5ï¸âƒ£ğŸ¹
#silenthodler â€¢ #silentsquad â€¢ #flurwin â€¢ #LegitCutieBabeGem â€¢ #ap8testi â€¢ #NatGang â€¢ #C1NK â€¢ #JustineWinnersğŸ­
https://t.co/CkzcnEFsX9","Long term investing isnâ€™t thrilling..
you donâ€™t get to show off daily profits...but it works.

It works damn well. Bitcoin",0.4666666666666666,0.06666666666666667,Positive
2021-04-07 15:45:46,1379822717990543361,When will we see plastic surgeons offering boob jobs for bitcoin?,Ministry of Silly Stacks,@SillyStacks,0,0,100,587,False,2021-02-16 20:07:46,"Stockholm, Sweden",#bitcoin #btc - software developer - youtube addict - techno / house dj,When will we see plastic surgeons offering boob jobs for bitcoin?,0.0,0.0,Neutral
2021-04-07 15:45:46,1379822717562617859,"RT @bitxmicrypto: Great News from tomorrow 5th April Bitxmi Earn while trade Promo will start!!

All traders can earn 0.05% in Bxmi on allâ€¦",Tiza,@tizayahya,0,1663,133,1048,False,2020-08-30 06:45:04,,hai ...lets be friendsğŸ™ŒğŸ™Œ,"Great News from tomorrow 5th April Bitxmi Earn while trade Promo will start!!

All traders can earn 0.05% in Bxmi on allâ€¦",0.75,1.0,Highly Positive
2021-04-07 15:45:45,1379822715671085063,"RT @SHIBSHIBSHIB1: Reasons to Buy $SHIB and support Shiba Inu:

#6: Investors holding Shiba Inu increases everyday, signifying that the #SHâ€¦",Ridethe$ShibTrain,@dfddh9,0,7,36,56,False,2021-02-07 19:05:28,@mars,Forever HodLing %%,"Reasons to Buy $SHIB and support Shiba Inu:

6: Investors holding Shiba Inu increases everyday, signifying that the SHâ€¦",0.6,-0.2,Negative
2021-04-07 15:45:45,1379822715515719683,"RT @MemesZil: TODAYâ€™S #GIVEAWAY ğŸ‰ğŸ‰

ğŸ’° Prize: 100 $zil
â° Ends: 24 hrs

EASY to enter:
1ï¸âƒ£ Retweet
2ï¸âƒ£ Follow @MemesZil

ğŸ“¢ Don't worry $zil,â€¦",Goklas Siahaan,@MiracleGoklas,0,494,44,305,False,2013-06-14 08:22:14,"Wales, United Kingdom",Airdrop Hunter.,"TODAYâ€™S GIVEAWAY ğŸ‰ğŸ‰

ğŸ’° Prize: 100 $zil
â° Ends: 24 hrs

EASY to enter:
1ï¸âƒ£ Retweet
2ï¸âƒ£ Follow 

ğŸ“¢ Don't worry $zil,â€¦",0.8333333333333334,0.43333333333333335,Positive
2021-04-07 15:45:45,1379822715452936194,"@DominicFrisby 

Dominic, reading ""Daylight Robbery"" right now. I was 5 pages in when i used Kindle to buy the fullâ€¦ https://t.co/atCR7YQLqe",George Bodine,@Jethroe111,0,0,66,42,False,2021-02-27 02:44:55,,"Professional artist. Former oil field worker, cab driver. Ex-miner, ex-cop, Navy fighter pilot, and airline Captain. Sounds implausible. Lucky to have survived."," 

Dominic, reading ""Daylight Robbery"" right now. I was 5 pages in when i used Kindle to buy the fullâ€¦ ",0.5357142857142857,0.2857142857142857,Positive
